{ 
    "_id" : ObjectId("5a9f839847729d09f37133e3"), 
    "id" : NumberInt(1), 
    "business_name" : "innvonix", 
    "address1" : "610, venus amadeus,", 
    "address2" : "jodhpur cross road, ahemdabad", 
    "contact_number" : "8989898989", 
    "business_images" : "image1.jpg,landscape.jpeg", 
    "user_id" : NumberInt(1), 
    "status" : NumberInt(1), 
    "created_date" : "2018-09-03 04:15:45", 
    "updated_date" : "2018-09-03 04:15:45"
}
{ 
    "_id" : ObjectId("5aa9108020ffd81098185d98"), 
    "business_name" : "Sigma", 
    "user_id" : NumberInt(2), 
    "address1" : "United Kingdom House\r\nFitzrovia, ", 
    "address2" : "London\r\nUK", 
    "contact_number" : "9876543210", 
    "status" : NumberInt(0), 
    "created_date" : "2018-02-14 12:07:28", 
    "updated_date" : "2018-02-14 12:07:28", 
    "id" : NumberInt(2), 
    "__v" : NumberInt(0)
}
{ 
    "_id" : ObjectId("5aaa09d0e6d89914057bd342"), 
    "business_name" : "Amar Infotech", 
    "user_id" : NumberInt(8), 
    "address1" : "\r\nSola road, ahmedabad", 
    "address2" : "test, \"test/405\r\nSola road, ahmedabad", 
    "contact_number" : "                  ", 
    "status" : NumberInt(0), 
    "created_date" : "2018-02-15 05:51:12", 
    "updated_date" : "2018-02-15 05:51:12", 
    "id" : NumberInt(3), 
    "__v" : NumberInt(0)
}
{ 
    "_id" : ObjectId("5aaa0a91e6d89914057bd345"), 
    "business_name" : "dfdsf", 
    "user_id" : NumberInt(10), 
    "address1" : "sdfds", 
    "address2" : "dsfd", 
    "contact_number" : "     ", 
    "status" : NumberInt(0), 
    "created_date" : "2018-02-15 05:54:25", 
    "updated_date" : "2018-02-15 05:54:25", 
    "id" : NumberInt(4), 
    "__v" : NumberInt(0)
}
{ 
    "_id" : ObjectId("5aaa0c47e6d89914057bd348"), 
    "business_name" : "abc", 
    "user_id" : NumberInt(12), 
    "address1" : "test, \"test/405\r\nSola road, ahmedabad", 
    "address2" : "test, \"test/405\r\nSola road, ahmedabad", 
    "contact_number" : "   ", 
    "status" : NumberInt(0), 
    "created_date" : "2018-02-15 06:01:43", 
    "updated_date" : "2018-02-15 06:01:43", 
    "id" : NumberInt(5), 
    "__v" : NumberInt(0)
}
{ 
    "_id" : ObjectId("5aaa0e1ce6d89914057bd34a"), 
    "business_name" : "Crysail Softech", 
    "user_id" : NumberInt(13), 
    "address1" : "Ahmedabad\r\nSola road, ahmedabad", 
    "address2" : "Ahmedabad\r\nSola road, ahmedabad", 
    "contact_number" : "0656456456", 
    "status" : NumberInt(0), 
    "created_date" : "2018-02-15 06:09:32", 
    "updated_date" : "2018-02-15 06:09:32", 
    "id" : NumberInt(6), 
    "__v" : NumberInt(0)
}
{ 
    "_id" : ObjectId("5aaa7cc418938725efe74ae3"), 
    "business_name" : "Surja infotech", 
    "user_id" : NumberInt(20), 
    "address1" : "Sola road", 
    "address2" : "Ahmedabad ", 
    "contact_number" : "9876543210", 
    "status" : NumberInt(0), 
    "created_date" : "2018-02-15 14:01:40", 
    "updated_date" : "2018-02-15 14:01:40", 
    "id" : NumberInt(7), 
    "__v" : NumberInt(0)
}
{ 
    "_id" : ObjectId("5aaa84b2c4ebd5336de876e5"), 
    "business_name" : "Surya Infotech", 
    "user_id" : NumberInt(21), 
    "address1" : "sola road", 
    "address2" : "ahmedabad", 
    "contact_number" : "9876543210", 
    "status" : NumberInt(0), 
    "created_date" : "2018-02-15 14:35:30", 
    "updated_date" : "2018-02-15 14:35:30", 
    "id" : NumberInt(8), 
    "__v" : NumberInt(0)
}
{ 
    "_id" : ObjectId("5aaa87b190cfdb397f0e7ba8"), 
    "business_name" : "Dipali", 
    "user_id" : NumberInt(22), 
    "address1" : "solaroad", 
    "address2" : "gujrat", 
    "contact_number" : "9876543210", 
    "status" : NumberInt(0), 
    "created_date" : "2018-02-15 14:48:17", 
    "updated_date" : "2018-02-15 14:48:17", 
    "id" : NumberInt(9), 
    "__v" : NumberInt(0)
}
{ 
    "_id" : ObjectId("5aab6199d0a3fa5a1d6ae536"), 
    "business_name" : "Revstance Corporation", 
    "user_id" : NumberInt(25), 
    "address1" : "London", 
    "address2" : "UK", 
    "contact_number" : "9876543210", 
    "status" : NumberInt(0), 
    "created_date" : "2018-02-16 06:18:01", 
    "updated_date" : "2018-02-16 06:18:01", 
    "id" : NumberInt(10), 
    "__v" : NumberInt(0)
}
{ 
    "_id" : ObjectId("5aab95e1b7ee5001a24d15af"), 
    "business_name" : "Innvonix Technologies", 
    "user_id" : NumberInt(26), 
    "address1" : "Venus Ammedius", 
    "address2" : "Ahmedabad", 
    "contact_number" : "9876543208", 
    "status" : NumberInt(0), 
    "created_date" : "2018-02-16 10:01:05", 
    "updated_date" : "2018-02-16 10:01:05", 
    "id" : NumberInt(11), 
    "__v" : NumberInt(0)
}
{ 
    "_id" : ObjectId("5aaba46ab7ee5001a24d15b4"), 
    "business_name" : "Surabh Enterprise", 
    "user_id" : NumberInt(27), 
    "address1" : "Sola road, near naranpura", 
    "address2" : "Ahmedabad, 380065", 
    "contact_number" : "6789045678", 
    "status" : NumberInt(0), 
    "created_date" : "2018-02-16 11:03:06", 
    "updated_date" : "2018-02-16 11:03:06", 
    "id" : NumberInt(12), 
    "__v" : NumberInt(0)
}
{ 
    "_id" : ObjectId("5aabc31abdce966a811940b4"), 
    "business_name" : "", 
    "user_id" : NumberInt(28), 
    "address1" : "", 
    "address2" : "", 
    "contact_number" : "", 
    "status" : NumberInt(0), 
    "created_date" : "2018-02-16 13:14:02", 
    "updated_date" : "2018-02-16 13:14:02", 
    "id" : NumberInt(13), 
    "__v" : NumberInt(0)
}
{ 
    "_id" : ObjectId("5aabc3e4bdce966a811940b6"), 
    "business_name" : "Soham infotech Pvt. Ltd.", 
    "user_id" : NumberInt(29), 
    "address1" : "Sola road", 
    "address2" : "Ahmedabad", 
    "contact_number" : "98987564565", 
    "status" : NumberInt(0), 
    "created_date" : "2018-02-16 13:17:24", 
    "updated_date" : "2018-02-16 13:17:24", 
    "id" : NumberInt(14), 
    "__v" : NumberInt(0)
}
