{ 
    "_id" : ObjectId("5a9f807147729d09f37133d5"), 
    "id" : NumberInt(1), 
    "category_name" : "Club Rooms", 
    "status" : NumberInt(1), 
    "created_date" : ISODate("2018-03-06T07:28:06.000+0000"), 
    "updated_date" : ISODate("2018-03-06T07:28:06.000+0000")
}
{ 
    "_id" : ObjectId("5aa64792186dd913c89e45d5"), 
    "category_name" : "Villas", 
    "status" : NumberInt(1), 
    "created_date" : ISODate("2018-03-12T09:25:38.000+0000"), 
    "updated_date" : ISODate("2018-03-12T09:25:38.000+0000"), 
    "id" : NumberInt(2), 
    "__v" : NumberInt(0)
}
{ 
    "_id" : ObjectId("5aae815fbdce966a811940ba"), 
    "category_name" : "Restaurants", 
    "status" : NumberInt(1), 
    "created_date" : "2018-02-18 15:10:23", 
    "updated_date" : "2018-02-18 15:10:23", 
    "id" : NumberInt(7), 
    "__v" : NumberInt(0)
}
{ 
    "_id" : ObjectId("5ab2726bbdce966a811940bb"), 
    "category_name" : "Conference Room", 
    "status" : NumberInt(1), 
    "created_date" : "2018-02-21 14:55:39", 
    "updated_date" : "2018-02-21 14:55:39", 
    "id" : NumberInt(6), 
    "__v" : NumberInt(0)
}
{ 
    "_id" : ObjectId("5ab33d204e7e860bc66b7717"), 
    "category_name" : "Meeting", 
    "status" : NumberInt(1), 
    "created_date" : "2018-02-22 05:20:32", 
    "updated_date" : "2018-02-22 05:20:32", 
    "id" : NumberInt(5), 
    "__v" : NumberInt(0)
}
{ 
    "_id" : ObjectId("5b84d9d9e5f93a1a8e2503e0"), 
    "property" : [

    ], 
    "category_name" : "gym", 
    "status" : NumberInt(0), 
    "created_date" : "2018-07-28 10:42:57", 
    "user" : ObjectId("5b84d3b386e5b214b2b553f5"), 
    "updated_date" : "2018-07-28 10:42:57", 
    "id" : NumberInt(8), 
    "__v" : NumberInt(0)
}
