{ 
    "_id" : ObjectId("5b81435447729d0ac54800b9"), 
    "id" : NumberInt(1), 
    "membership_title" : "Hummingbird", 
    "membership_image" : "humingbird.jpg", 
    "membership_cost" : NumberInt(5), 
    "status" : NumberInt(1), 
    "token_limit" : NumberInt(5), 
    "created_date" : "8/11/2018, 11:16:37 AM", 
    "updated_date" : "8/20/2018, 10:34:51 AM", 
    "__v" : NumberInt(0)
}
{ 
    "_id" : ObjectId("5b8143d747729d0ac54800c6"), 
    "id" : NumberInt(2), 
    "membership_title" : "Woodpeacker", 
    "membership_image" : "woodpecker.jpg", 
    "membership_cost" : NumberInt(5), 
    "status" : NumberInt(1), 
    "token_limit" : NumberInt(5), 
    "created_date" : "8/11/2018, 11:16:37 AM", 
    "updated_date" : "8/20/2018, 10:34:51 AM", 
    "__v" : NumberInt(0)
}
{ 
    "_id" : ObjectId("5b8143ed47729d0ac54800c7"), 
    "id" : NumberInt(3), 
    "membership_title" : "Raven", 
    "membership_image" : "raven.jpeg", 
    "membership_cost" : NumberInt(5), 
    "status" : NumberInt(1), 
    "token_limit" : NumberInt(5), 
    "created_date" : "8/11/2018, 11:16:37 AM", 
    "updated_date" : "8/20/2018, 10:34:51 AM", 
    "__v" : NumberInt(0)
}
{ 
    "_id" : ObjectId("5b8143ff47729d0ac54800c8"), 
    "id" : NumberInt(4), 
    "membership_title" : "Falcon", 
    "membership_image" : "falcon.jpg", 
    "membership_cost" : NumberInt(5), 
    "status" : NumberInt(1), 
    "token_limit" : NumberInt(5), 
    "created_date" : "8/11/2018, 11:16:37 AM", 
    "updated_date" : "8/20/2018, 10:34:51 AM", 
    "__v" : NumberInt(0)
}
