{ 
    "_id" : ObjectId("5ac23d9f47809d2af1f601d1"), 
    "is_guest" : NumberInt(1), 
    "review_content" : "gfgdg", 
    "review_rating" : NumberInt(3), 
    "review_media" : "", 
    "is_reply" : NumberInt(0), 
    "status" : NumberInt(0), 
    "property_id" : NumberInt(20), 
    "user_id" : NumberInt(3), 
    "ip_address" : "203.187.239.74", 
    "user_location" : "India", 
    "created_date" : "4/2/2018, 3:26:39 PM", 
    "updated_date" : "4/2/2018, 3:26:39 PM", 
    "timestamp" : 422966.44416666665, 
    "id" : NumberInt(1), 
    "__v" : NumberInt(0)
}
{ 
    "_id" : ObjectId("5ac30a4e591f1e0e538a7a75"), 
    "is_guest" : NumberInt(1), 
    "review_content" : "5 start 20", 
    "review_rating" : NumberInt(5), 
    "review_media" : "", 
    "is_reply" : NumberInt(0), 
    "status" : NumberInt(0), 
    "property_id" : NumberInt(20), 
    "user_id" : NumberInt(3), 
    "ip_address" : "203.187.236.237", 
    "user_location" : "India", 
    "created_date" : "4/3/2018, 5:59:58 AM", 
    "updated_date" : "4/3/2018, 5:59:58 AM", 
    "timestamp" : 422980.99944444443, 
    "id" : NumberInt(2), 
    "__v" : NumberInt(0)
}
{ 
    "_id" : ObjectId("5acca169874f14573ea0a89b"), 
    "is_guest" : NumberInt(0), 
    "review_content" : "Testing", 
    "review_rating" : NumberInt(4), 
    "review_media" : "", 
    "is_reply" : NumberInt(1), 
    "status" : NumberInt(0), 
    "property_id" : NumberInt(20), 
    "user_id" : NumberInt(35), 
    "ip_address" : "103.214.200.10", 
    "user_location" : "Bangladesh", 
    "created_date" : "4/10/2018, 12:35:05 PM", 
    "updated_date" : "4/10/2018, 12:35:05 PM", 
    "timestamp" : 423155.58472222224, 
    "id" : NumberInt(20), 
    "__v" : NumberInt(0), 
    "reply_text" : "If you have any questions or comments, or if you want to update, delete, or change any Personal Information you've submitted on the Website,", 
    "reply_created_date" : "4/17/2018, 11:19:07 AM"
}
