{ 
    "_id" : ObjectId("5aa270cb57b4f820d495ee17"), 
    "id" : NumberInt(1), 
    "first_name" : "Rushabh", 
    "last_name" : "Madhu", 
    "mail" : "rushabhmadhu@gmail.com", 
    "profile_photo" : "no-image.jpg", 
    "password" : "$2a$08$oVDps2P/ubR0D780.3Od..rEnuB3KaCi6avg/MRwbuv9RHJQkgw7m", 
    "contact_number" : 9228723322.0, 
    "user_type" : NumberInt(3), 
    "address1" : "Address Line1", 
    "address2" : "Address Line2", 
    "city" : "Ahmedabad", 
    "country" : "India", 
    "badges" : [
        "badge1.png"
    ], 
    "postcode" : "ABC 3215", 
    "status" : NumberInt(2), 
    "created_date" : ISODate("2018-03-09T11:32:27.000+0000"), 
    "updated_date" : ISODate("2018-03-09T11:32:27.000+0000"), 
    "active_hash" : "$2a$10$DGNhDkG2GMqXYRErX67K..D3ST0jWg4t44zxmIbHch1nqcNL/D1Ym", 
    "__v" : NumberInt(0), 
    "forgot_hash" : "$2a$10$iB8xExuUwdgh59bBIIqHku1jwK8ewbROfTNzSteD.vx.TY1RlE0DC", 
    "forgot_hash_date" : "2018-03-16 13:15:31", 
    "ip_address" : ""
}
{ 
    "_id" : ObjectId("5aa61806769e71326ccfe8f7"), 
    "id" : NumberInt(2), 
    "first_name" : "RushabhK", 
    "last_name" : "Madhu", 
    "mail" : "business1.revstance@gmail.com", 
    "password" : "$2a$08$oVDps2P/ubR0D780.3Od..rEnuB3KaCi6avg/MRwbuv9RHJQkgw7m", 
    "contact_number" : 9228723322.0, 
    "user_type" : NumberInt(2), 
    "address1" : "Address Line1", 
    "address2" : "Address Line2", 
    "city" : "Ahmedabad", 
    "country" : "India", 
    "postcode" : "3215", 
    "status" : NumberInt(2), 
    "created_date" : ISODate("2018-03-09T11:32:27.000+0000"), 
    "updated_date" : ISODate("2018-03-09T11:32:27.000+0000"), 
    "active_hash" : "$2a$10$DGNhDkG2GMqXYRErX67K..D3ST0jWg4t44zxmIbHch1nqcNL/D1Ym", 
    "business_name" : "Business User1", 
    "badges" : [
        "badge1.png", 
        "badge2.png"
    ]
}
{ 
    "_id" : ObjectId("5aa8fc1229f8d30dae103a26"), 
    "id" : NumberInt(4), 
    "first_name" : "Ronald", 
    "last_name" : "Dutch", 
    "mail" : "dipali.chudasama@innvonix.com", 
    "password" : "$2a$08$B/4XGPhXNq6xzisoivZerebJux/VRNLtq038a/GE8UdBx0bz/Q4Wu", 
    "contact_number" : 9876543210.0, 
    "user_type" : NumberInt(1), 
    "status" : NumberInt(3), 
    "address1" : "", 
    "address2" : "", 
    "city" : "", 
    "country" : "", 
    "postcode" : "", 
    "ip_address" : "::ffff:117.240.81.204", 
    "created_date" : "2018-02-14 10:40:18", 
    "updated_date" : "2018-02-14 10:40:18", 
    "active_hash" : "$2a$10$6aE459kN7Xk3dvhW554kO.XUYR4mKl1jQ0CcBfcKdlLm6I0pRPQIu", 
    "__v" : NumberInt(0), 
    "forgot_hash" : "", 
    "forgot_hash_date" : "", 
    "badges" : [
        "badge1.png"
    ]
}
{ 
    "_id" : ObjectId("5aa902214e565f0ea76df2dd"), 
    "id" : NumberInt(5), 
    "first_name" : "Lisa", 
    "last_name" : "Lae", 
    "mail" : "dipali.samcom@gmail.com", 
    "password" : "$2a$08$mca9/vclqXYImDvk/H2lNe7uoOfn7A20T3bhaCs/uXHfx9jhEVFKm", 
    "contact_number" : 7418529630.0, 
    "user_type" : NumberInt(1), 
    "status" : NumberInt(0), 
    "address1" : "", 
    "address2" : "", 
    "city" : "", 
    "country" : "", 
    "postcode" : "", 
    "ip_address" : "::ffff:117.240.81.204", 
    "created_date" : "2018-02-14 11:06:09", 
    "updated_date" : "2018-02-14 11:06:09", 
    "active_hash" : "$2a$10$5DK48NkgKORHv9lNa24bLuYIy0PTKVNXIIyQBoaD4htZbz2KzbOoi", 
    "__v" : NumberInt(0), 
    "badges" : [
        "badge1.png"
    ]
}
{ 
    "_id" : ObjectId("5aaa84b2c4ebd5336de876e4"), 
    "id" : NumberInt(21), 
    "first_name" : "Pavan", 
    "last_name" : "Shah", 
    "mail" : "akash.patell@innvonix.com", 
    "password" : "$2a$08$yCRt67couerDz99QNVtK7.UWgGa1clYULeklhVqik/LC4QtetfxqC", 
    "user_type" : NumberInt(2), 
    "status" : NumberInt(2), 
    "address1" : "", 
    "address2" : "", 
    "city" : "", 
    "country" : "", 
    "postcode" : "", 
    "ip_address" : "::ffff:117.240.81.204", 
    "created_date" : "2018-02-15 14:35:30", 
    "updated_date" : "2018-02-15 14:35:30", 
    "active_hash" : "$2a$10$.WjGEm317VST8Lx6b6VK9ehv0wd5RqV2JvByX530AyhpaUzfqEM0q", 
    "__v" : NumberInt(0), 
    "forgot_hash" : "$2a$10$6GuaieyOw4251nhdCvCVFe3cb.LrvpgGJzrksmmTVIH8NalJtKHjC", 
    "forgot_hash_date" : "2018-03-16 12:01:53", 
    "contact_number" : null, 
    "badges" : [
        "badge1.png"
    ]
}
{ 
    "_id" : ObjectId("5aab59ee3c6bc641394a4eec"), 
    "id" : NumberInt(24), 
    "first_name" : "User", 
    "last_name" : "Revstance", 
    "mail" : "user.revstance@yopmail.com", 
    "password" : "$2a$08$O3lBcICvk6ffEmyToXM97.5mnzrT0ybz.wfaftJesRz9MlTLTFy/2", 
    "user_type" : NumberInt(1), 
    "status" : NumberInt(1), 
    "address1" : "", 
    "address2" : "", 
    "city" : "", 
    "country" : "", 
    "postcode" : "", 
    "ip_address" : "::ffff:117.240.81.204", 
    "created_date" : "2018-02-16 05:45:18", 
    "updated_date" : "2018-02-16 05:45:18", 
    "active_hash" : "$2a$10$qZMleDCF2oEMi5Wv6ieY7u5YSiA8xZ95ckw5U/nCmpzilVj6GSbz6", 
    "__v" : NumberInt(0), 
    "forgot_hash" : "", 
    "forgot_hash_date" : "", 
    "contact_number" : null, 
    "badges" : [
        "badge1.png"
    ]
}
{ 
    "_id" : ObjectId("5aab6198d0a3fa5a1d6ae535"), 
    "id" : NumberInt(25), 
    "first_name" : "Business ", 
    "last_name" : "Revstance", 
    "mail" : "business.revstance@yopmail.com", 
    "password" : "$2a$08$iLEYkO0mIMHOqhczAA7DteBCsCkiTrcQRZWgfuwmFKU9wDm/WYvEK", 
    "user_type" : NumberInt(2), 
    "status" : NumberInt(2), 
    "address1" : "Near ghatlodia police station", 
    "address2" : "Ahmedabad", 
    "city" : "Ahmedabad", 
    "country" : "India", 
    "postcode" : "380001", 
    "ip_address" : "::ffff:117.240.81.204", 
    "created_date" : "2018-02-16 06:18:00", 
    "updated_date" : "2018-02-16 06:18:00", 
    "active_hash" : "$2a$10$fpxkm35UlZ41O8bcPqTKcuQ7qvaXcXxZVU3Ojb1KRXuN7OyAPk7H.", 
    "__v" : NumberInt(0), 
    "contact_number" : 7894563210.0, 
    "badges" : [
        "badge1.png"
    ]
}
{ 
    "_id" : ObjectId("5ab60a35be4d0e3063e504f5"), 
    "id" : NumberInt(31), 
    "first_name" : "Shreyash", 
    "last_name" : "Shah", 
    "mail" : "business1@yopmail.com", 
    "password" : "$2a$08$VBebGMQ3Acg2FSqiu9/1J.vmATrcQOUAMq0H8X6hyJTL3.AUXYLES", 
    "contact_number" : 789456145000.0, 
    "user_type" : NumberInt(2), 
    "status" : NumberInt(2), 
    "address1" : "F/304, Near Nehru Circle, Ambawadi Road", 
    "address2" : "Ahmedabad", 
    "city" : "Ahmedabad", 
    "country" : "India", 
    "postcode" : "3800065", 
    "business_name" : "Shreyash Infotech Pvt. Ltd. ", 
    "ip_address" : "::ffff:117.240.81.204", 
    "created_date" : "2018-03-24 08:20:05", 
    "updated_date" : "2018-03-24 08:20:05", 
    "active_hash" : "$2a$10$OUaJKxwwMMppJdH/6ACLdeDTnVaygELtzZuHu2wlOe8/VRCRTVMSO", 
    "__v" : NumberInt(0), 
    "forgot_hash" : "$2a$10$3mgqTVipw6Rz/mQwPzI1ROpRj5XOclpsZjEUtMS2WFWH88hMMRhyu", 
    "forgot_hash_date" : "1523954204131", 
    "badges" : [
        "badge1.png"
    ]
}
{ 
    "_id" : ObjectId("5ab87fe9c18157708f8cdc23"), 
    "id" : NumberInt(32), 
    "first_name" : "Rushabh", 
    "last_name" : "Developer", 
    "mail" : "rushabh@yopmail.com", 
    "password" : "$2a$08$mwstXP7C3G6ZsYhozYL0n.a6Z8gkIEsk4soaksNfrzodFON4DOYG6", 
    "contact_number" : 9228723322.0, 
    "user_type" : NumberInt(2), 
    "status" : NumberInt(2), 
    "address1" : "Line1", 
    "address2" : "Lin2", 
    "city" : "", 
    "country" : "", 
    "postcode" : "", 
    "business_name" : "TestBusiness", 
    "ip_address" : "::ffff:117.240.81.204", 
    "created_date" : "2018-03-26 05:06:49", 
    "updated_date" : "2018-03-26 05:06:49", 
    "active_hash" : "$2a$10$5S2j2j6Dzt5ZHWh6G9AKxeurZGrcVZq5lRimufqcbHT3vLhx2QTEK", 
    "__v" : NumberInt(0), 
    "badges" : [
        "badge1.png"
    ]
}
{ 
    "_id" : ObjectId("5ab881f7c18157708f8cdc24"), 
    "id" : NumberInt(33), 
    "first_name" : "Himanshu", 
    "last_name" : "Developer", 
    "mail" : "himanshu@yopmail.com", 
    "password" : "$2a$08$7eudY89j5VENnkzwJmt/cOluxv.UlZqoTrBKbPjyd3nPuDD.8rKNi", 
    "contact_number" : null, 
    "user_type" : NumberInt(1), 
    "status" : NumberInt(1), 
    "address1" : "", 
    "address2" : "", 
    "city" : "", 
    "country" : "", 
    "postcode" : "", 
    "business_name" : "", 
    "ip_address" : "::ffff:117.240.81.204", 
    "created_date" : "2018-03-26 05:15:35", 
    "updated_date" : "2018-03-26 05:15:35", 
    "active_hash" : "$2a$10$B.Cgj9yB1YNjrQRvSFxrpOfPN5z7tDPMwk0LGydNF.b0pr2UjWCJe", 
    "__v" : NumberInt(0), 
    "badges" : [
        "badge1.png"
    ]
}
{ 
    "_id" : ObjectId("5ab886b1c18157708f8cdc27"), 
    "id" : NumberInt(34), 
    "first_name" : "jaimin", 
    "last_name" : "developer", 
    "mail" : "jaimin@developer.com", 
    "password" : "$2a$08$aCP2kd6qYgLZU0V0MsxbB.kYXpb2ITiXWPkL2Me4c8WbZaDPKrxOG", 
    "contact_number" : 12345698745.0, 
    "user_type" : NumberInt(2), 
    "status" : NumberInt(0), 
    "address1" : "Line1", 
    "address2" : "Line2", 
    "city" : "", 
    "country" : "", 
    "postcode" : "", 
    "business_name" : "Test", 
    "ip_address" : "::ffff:117.240.81.204", 
    "created_date" : "2018-03-26 05:35:45", 
    "updated_date" : "2018-03-26 05:35:45", 
    "active_hash" : "$2a$10$mQO5LtfD3k5LSZu47zVDnO.NFM6aB8MRO6e6wtQAKdbCNm/dG6r2.", 
    "__v" : NumberInt(0), 
    "badges" : [
        "badge1.png"
    ]
}
{ 
    "_id" : ObjectId("5ab88843c18157708f8cdc28"), 
    "id" : NumberInt(35), 
    "first_name" : "tushar", 
    "last_name" : "developer", 
    "mail" : "tushar@yopmail.com", 
    "password" : "$2a$08$CuNFVPBeOBUsI7rfBk7kh.MiUigCYt5GR74F7lmyOyFIINHoES2Fe", 
    "contact_number" : 12345698754.0, 
    "user_type" : NumberInt(2), 
    "status" : NumberInt(2), 
    "address1" : "Line1", 
    "address2" : "Line2", 
    "city" : "", 
    "country" : "", 
    "postcode" : "", 
    "business_name" : "Test2", 
    "ip_address" : "::ffff:117.240.81.204", 
    "created_date" : "2018-03-26 05:42:27", 
    "updated_date" : "2018-03-26 05:42:27", 
    "active_hash" : "$2a$10$Ax4yURKN0nDX2WUqG71wguj6YFjj9q/lI.RhTr9rPZfN1ZYeZCtG6", 
    "__v" : NumberInt(0), 
    "badges" : [
        "badge1.png"
    ]
}
{ 
    "_id" : ObjectId("5ab953bcbc6f7f27d06ae498"), 
    "id" : NumberInt(36), 
    "first_name" : "MnTest", 
    "last_name" : "Test", 
    "mail" : "test@test.com", 
    "password" : "$2a$08$PN0gYFPYs76hwaWvj/xkPe2.t4iApk4QzkSlO3tBY1itPbDmUoKIq", 
    "contact_number" : 123443333333.0, 
    "user_type" : NumberInt(2), 
    "status" : NumberInt(0), 
    "address1" : "test 12", 
    "address2" : "Test 123", 
    "city" : "", 
    "country" : "", 
    "postcode" : "", 
    "business_name" : "123 test", 
    "ip_address" : "::ffff:86.167.53.82", 
    "created_date" : "2018-03-26 20:10:36", 
    "updated_date" : "2018-03-26 20:10:36", 
    "active_hash" : "$2a$10$le3UdSOi.9QEQOWCkAJM0.yuXH7vYaA1rP7dhexCd8NCniAr5DpBO", 
    "__v" : NumberInt(0), 
    "badges" : [
        "badge1.png"
    ]
}
{ 
    "_id" : ObjectId("5ac1c8bb4d45a013d49fb19e"), 
    "id" : NumberInt(43), 
    "first_name" : "RushabhMCA", 
    "last_name" : "Developer", 
    "mail" : "rushabhmca@yopmail.com", 
    "password" : "$2a$08$mwstXP7C3G6ZsYhozYL0n.a6Z8gkIEsk4soaksNfrzodFON4DOYG6", 
    "contact_number" : 9228723322.0, 
    "user_type" : NumberInt(2), 
    "status" : NumberInt(2), 
    "address1" : "Line1", 
    "address2" : "Lin2", 
    "city" : "", 
    "country" : "", 
    "postcode" : "", 
    "business_name" : "TestBusiness", 
    "ip_address" : "::ffff:117.240.81.204", 
    "created_date" : "2018-03-26 05:06:49", 
    "updated_date" : "2018-03-26 05:06:49", 
    "active_hash" : "$2a$10$5S2j2j6Dzt5ZHWh6G9AKxeurZGrcVZq5lRimufqcbHT3vLhx2QTEK", 
    "__v" : NumberInt(0), 
    "badges" : [
        "badge1.png"
    ]
}
{ 
    "_id" : ObjectId("5ae968e10058846fdba1f5c7"), 
    "id" : NumberInt(44), 
    "first_name" : "Rushabh", 
    "last_name" : "Madhu", 
    "mail" : "business1@yopmail.co.in.in", 
    "password" : "$2a$08$BVNZTDzUEOHwQlrhc0.eZOSeRmwQEF9FmZp2BAXHTFY9v3atClE16", 
    "contact_number" : null, 
    "status" : NumberInt(0), 
    "address1" : "", 
    "address2" : "", 
    "city" : "", 
    "country" : "", 
    "postcode" : "", 
    "business_name" : "", 
    "ip_address" : "::ffff:127.0.0.1", 
    "created_date" : "2018-05-02 12:59:37", 
    "updated_date" : "2018-05-02 12:59:37", 
    "active_hash" : "$2a$10$uhEIYgXuCP/zy2/4/nHyK.eAdaUz1WZAmov22Kf1poH8.3Jb6aG6u", 
    "__v" : NumberInt(0), 
    "badges" : [
        "badge1.png"
    ]
}
{ 
    "_id" : ObjectId("5b8393312822c23e1a5b3178"), 
    "id" : NumberInt(45), 
    "dob" : "", 
    "gender" : "", 
    "profile_photo" : "", 
    "ethnicity" : "", 
    "contact_number" : "", 
    "address1" : "", 
    "address2" : "", 
    "area" : "", 
    "city" : "", 
    "country" : "", 
    "postcode" : "", 
    "business_name" : "", 
    "tag_line" : "", 
    "token_balance" : NumberInt(100), 
    "point_balance" : NumberInt(0), 
    "badges" : [

    ], 
    "transaction" : [

    ], 
    "property" : [

    ], 
    "reviews" : [

    ], 
    "auto_renew" : NumberInt(1), 
    "referral_id" : NumberInt(0), 
    "referral_link" : "", 
    "business_address1" : "", 
    "business_address2" : "", 
    "business_contact_number" : "", 
    "business_status" : NumberInt(0), 
    "stripe_customer" : "", 
    "stripe_card_id" : "", 
    "is_professional_badge" : NumberInt(0), 
    "first_name" : "Rushabh", 
    "last_name" : "Admin", 
    "mail" : "rushabhmadhu@innvonix.com", 
    "password" : "$2a$08$JBR57xeGSHj73HhUi4XzT.HceoArL35H5w9zQZoQwHUTcFgmZ0dnC", 
    "user_type" : NumberInt(3), 
    "status" : NumberInt(1), 
    "membership" : ObjectId("5b769e924d45a03cc19255cc"), 
    "ip_address" : "::ffff:192.168.137.35", 
    "is_influencer" : NumberInt(0), 
    "wallet_id" : "c98dd6", 
    "created_date" : "2018-08-27 11:29:13", 
    "updated_date" : "2018-08-27 11:29:13", 
    "active_hash" : "$2a$10$EfHoVvkjr43Y83ky1tfxROu4vsWeD16EB0nmfuhvj2/.h8VUIe6/q", 
    "__v" : NumberInt(0)
}
{ 
    "_id" : ObjectId("5aa62717769e71326ccfe913"), 
    "id" : NumberInt(3), 
    "first_name" : "User1", 
    "last_name" : "Revstance", 
    "mail" : "user1.revstance@gmail.com", 
    "password" : "$2a$08$oVDps2P/ubR0D780.3Od..rEnuB3KaCi6avg/MRwbuv9RHJQkgw7m", 
    "contact_number" : 9228723322.0, 
    "address1" : "Address Line1", 
    "address2" : "Address Line2", 
    "city" : "Ahmedabad", 
    "country" : "India", 
    "postcode" : "ABC 3215", 
    "user_type" : NumberInt(1), 
    "status" : NumberInt(1), 
    "created_date" : ISODate("2018-03-09T11:32:27.000+0000"), 
    "updated_date" : ISODate("2018-03-09T11:32:27.000+0000"), 
    "active_hash" : "$2a$10$DGNhDkG2GMqXYRErX67K..D3ST0jWg4t44zxmIbHch1nqcNL/D1Ym", 
    "badges" : [
        "badge1.png"
    ]
}
{ 
    "_id" : ObjectId("5aa9108020ffd81098185d97"), 
    "id" : NumberInt(6), 
    "first_name" : "Aora", 
    "last_name" : "Zenifer", 
    "mail" : "dharit.lathigara@innvonix.com", 
    "password" : "$2a$08$ScFAQXs7iNzEGvSPTTUjtu/tvTDruxDsez8uHXWrmbsERqnBRKna6", 
    "user_type" : NumberInt(3), 
    "status" : NumberInt(1), 
    "address1" : "", 
    "address2" : "", 
    "city" : "", 
    "country" : "", 
    "postcode" : "", 
    "ip_address" : "::ffff:117.240.81.204", 
    "created_date" : "2018-02-14 12:07:28", 
    "updated_date" : "2018-02-14 12:07:28", 
    "active_hash" : "$2a$10$F2YriVN6QiBJrqj9Qqm1vOqC1H4I2b3.o7nJki3uWmSZNdEr6iO..", 
    "__v" : NumberInt(0), 
    "badges" : [
        "badge1.png"
    ]
}
{ 
    "_id" : ObjectId("5aaa086ee6d89914057bd340"), 
    "id" : NumberInt(7), 
    "first_name" : "Priya", 
    "last_name" : "Sharma", 
    "mail" : "priyasharma@innonix.com", 
    "password" : "$2a$08$sm1wlj59ZixivLrSqRcpCuiuS96iKK.I35fnqntqcV9Y6557kAmii", 
    "user_type" : NumberInt(1), 
    "status" : NumberInt(0), 
    "address1" : "", 
    "address2" : "", 
    "city" : "", 
    "country" : "", 
    "postcode" : "", 
    "ip_address" : "::ffff:117.240.81.204", 
    "created_date" : "2018-02-15 05:45:18", 
    "updated_date" : "2018-02-15 05:45:18", 
    "active_hash" : "$2a$10$DQx7nxLL9wtSXrbCRAgxveR.IvWokUflvHOHDboxI6256QpRP9v.O", 
    "__v" : NumberInt(0), 
    "badges" : [
        "badge1.png"
    ]
}
{ 
    "_id" : ObjectId("5aaa09cfe6d89914057bd341"), 
    "id" : NumberInt(8), 
    "first_name" : "Mihir", 
    "last_name" : "Patel", 
    "mail" : "mihir@innvonix.com", 
    "password" : "$2a$08$kS11vEZ13eStXluENyKLtOEb1D4zzlwkhxtf.zYJPseBSo4uX6GS.", 
    "user_type" : NumberInt(2), 
    "status" : NumberInt(0), 
    "address1" : "", 
    "address2" : "", 
    "city" : "", 
    "country" : "", 
    "postcode" : "", 
    "ip_address" : "::ffff:117.240.81.204", 
    "created_date" : "2018-02-15 05:51:11", 
    "updated_date" : "2018-02-15 05:51:11", 
    "active_hash" : "$2a$10$4cevaLn1a3/H4CTLNPIF2OVG.QMAQtIh/33HSRR5A3KMd0nlw3M9G", 
    "__v" : NumberInt(0), 
    "badges" : [
        "badge1.png"
    ]
}
{ 
    "_id" : ObjectId("5aaa0a2be6d89914057bd343"), 
    "id" : NumberInt(9), 
    "first_name" : "test", 
    "last_name" : "test", 
    "mail" : "mihir@innonix.com", 
    "password" : "$2a$08$6b2dE0nmHZRatXBdatvQxOOAb2p5gIrDKuiUaxWnjvnS6fJ4bR7Au", 
    "user_type" : NumberInt(1), 
    "status" : NumberInt(0), 
    "address1" : "", 
    "address2" : "", 
    "city" : "", 
    "country" : "", 
    "postcode" : "", 
    "ip_address" : "::ffff:117.240.81.204", 
    "created_date" : "2018-02-15 05:52:43", 
    "updated_date" : "2018-02-15 05:52:43", 
    "active_hash" : "$2a$10$SJFeL7mQ/qOiP7xSL4M/I.XcMc1tWfYErL3aDupEZ9irWUBJsLR.m", 
    "__v" : NumberInt(0), 
    "badges" : [
        "badge1.png"
    ]
}
{ 
    "_id" : ObjectId("5aaa0a91e6d89914057bd344"), 
    "id" : NumberInt(10), 
    "first_name" : "trt", 
    "last_name" : "eer", 
    "mail" : "Priya@innvonix.com", 
    "password" : "$2a$08$3IKGL4X03nptW9fj7XA9B.XXjRiGOCi4p96px/92URTFEwDZpq8eq", 
    "user_type" : NumberInt(2), 
    "status" : NumberInt(0), 
    "address1" : "", 
    "address2" : "", 
    "city" : "", 
    "country" : "", 
    "postcode" : "", 
    "ip_address" : "::ffff:117.240.81.204", 
    "created_date" : "2018-02-15 05:54:25", 
    "updated_date" : "2018-02-15 05:54:25", 
    "active_hash" : "$2a$10$in3EqU8B.e1ODnHWcpChTuDSNKhRLfx7q4XMe0bMAlQ9Gf.zIAMqW", 
    "__v" : NumberInt(0), 
    "badges" : [
        "badge1.png"
    ]
}
{ 
    "_id" : ObjectId("5aaa0befe6d89914057bd346"), 
    "id" : NumberInt(11), 
    "first_name" : "ABC", 
    "last_name" : "XYZ", 
    "mail" : "xyz@innvonix.com", 
    "password" : "$2a$08$E68Aa8u1hnkah/knDXqLKeiH.Knl5rbhYSGZ1zJ0kH9sbsVD8Qr4K", 
    "user_type" : NumberInt(1), 
    "status" : NumberInt(0), 
    "address1" : "", 
    "address2" : "", 
    "city" : "", 
    "country" : "", 
    "postcode" : "", 
    "ip_address" : "::ffff:117.240.81.204", 
    "created_date" : "2018-02-15 06:00:15", 
    "updated_date" : "2018-02-15 06:00:15", 
    "active_hash" : "$2a$10$9oSr0KaKHhiTq.mexmUcF.Nnop/sXio7riuc6MDnT3K0GRptrIUe6", 
    "__v" : NumberInt(0), 
    "badges" : [
        "badge1.png"
    ]
}
{ 
    "_id" : ObjectId("5aaa0c46e6d89914057bd347"), 
    "id" : NumberInt(12), 
    "first_name" : "ABC", 
    "last_name" : "XYZ", 
    "mail" : "abc@innvonix.com", 
    "password" : "$2a$08$Nrpre29n.XZUJnQuABeaKeB3IlSfaJxaSjq54UCleoB0OC1lD//Q2", 
    "user_type" : NumberInt(2), 
    "status" : NumberInt(0), 
    "address1" : "", 
    "address2" : "", 
    "city" : "", 
    "country" : "", 
    "postcode" : "", 
    "ip_address" : "::ffff:117.240.81.204", 
    "created_date" : "2018-02-15 06:01:42", 
    "updated_date" : "2018-02-15 06:01:42", 
    "active_hash" : "$2a$10$HGH9MWU21TMN27KAKB1/nuqE0u8f2BGXWa6SADkgGm3w5DjBGtRFa", 
    "__v" : NumberInt(0), 
    "badges" : [
        "badge1.png"
    ]
}
{ 
    "_id" : ObjectId("5aaa0e1be6d89914057bd349"), 
    "id" : NumberInt(13), 
    "first_name" : "Dipali", 
    "last_name" : "Shah", 
    "mail" : "kinjal.patel@innvonix.com", 
    "password" : "$2a$08$ZCv.DhLIzXAGoJF0kQCaoeH5PYzCRkraLASkj6Khj3K9VX3qaydeG", 
    "user_type" : NumberInt(2), 
    "status" : NumberInt(3), 
    "address1" : "", 
    "address2" : "", 
    "city" : "", 
    "country" : "", 
    "postcode" : "", 
    "ip_address" : "::ffff:117.240.81.204", 
    "created_date" : "2018-02-15 06:09:31", 
    "updated_date" : "2018-02-15 06:09:31", 
    "active_hash" : "$2a$10$d/xTLoyCcc92NOxTwLISJOdjH6Wm/4HO6uvGnI.3yuXVdcla26JAW", 
    "__v" : NumberInt(0), 
    "badges" : [
        "badge1.png"
    ]
}
{ 
    "_id" : ObjectId("5aaa4794e6d89914057bd34d"), 
    "id" : NumberInt(14), 
    "first_name" : "Dhrumi", 
    "last_name" : "Suthar", 
    "mail" : "dhrumi.suthar@innvonix.com", 
    "password" : "$2a$08$/fls3B0JYFkdyI9X2knhm.hglBWvNgFvdEYWnJ9MtkwkOoR3lrNdu", 
    "user_type" : NumberInt(1), 
    "status" : NumberInt(1), 
    "address1" : "", 
    "address2" : "", 
    "city" : "", 
    "country" : "", 
    "postcode" : "", 
    "ip_address" : "::ffff:117.240.81.204", 
    "created_date" : "2018-02-15 10:14:44", 
    "updated_date" : "2018-02-15 10:14:44", 
    "active_hash" : "$2a$10$xX9ZbfbmTSqOl3wuxNFq0uJxV41WyDS8KMThSuA.IAIkGbc4nadza", 
    "__v" : NumberInt(0), 
    "badges" : [
        "badge1.png"
    ]
}
{ 
    "_id" : ObjectId("5aaa709f8b4aac13863123e1"), 
    "id" : NumberInt(18), 
    "first_name" : "Admin", 
    "last_name" : "Revstance", 
    "mail" : "admin@revstance.com", 
    "password" : "$2a$08$6Vb4lGUIXWVDJausGS8DMe9pY6N5h8KRRWsHJRQqzdi/tp3AfFOAu", 
    "user_type" : NumberInt(3), 
    "status" : NumberInt(1), 
    "address1" : "", 
    "address2" : "", 
    "city" : "", 
    "country" : "", 
    "postcode" : "", 
    "ip_address" : "::ffff:123.201.4.19", 
    "created_date" : "2018-02-15 13:09:51", 
    "updated_date" : "2018-02-15 13:09:51", 
    "active_hash" : "$2a$10$.B4PVHcYdiFLq0LxQ1kwGuagL6FpE2VqjgtrpNnbxTtEiqI1esRXW", 
    "__v" : NumberInt(1), 
    "badges" : [
        "badge1.png"
    ], 
    "area" : "", 
    "auto_renew" : NumberInt(1), 
    "business_address1" : "", 
    "business_address2" : "", 
    "business_contact_number" : "", 
    "business_name" : "", 
    "business_status" : NumberInt(0), 
    "contact_number" : "", 
    "dob" : "", 
    "ethnicity" : "", 
    "gender" : "", 
    "is_professional_badge" : NumberInt(0), 
    "next_billing_cycle" : "", 
    "point_balance" : NumberInt(0), 
    "profile_photo" : "", 
    "property" : [

    ], 
    "referral_id" : NumberInt(0), 
    "referral_link" : "", 
    "reviews" : [

    ], 
    "stripe_card_id" : "", 
    "stripe_customer" : "", 
    "tag_line" : "", 
    "token_balance" : NumberInt(99999), 
    "transaction" : [

    ]
}
{ 
    "_id" : ObjectId("5aaa78e34933ef20297dc246"), 
    "id" : NumberInt(19), 
    "first_name" : "Dipali", 
    "last_name" : "Chudasama", 
    "mail" : "dipali.samcom+t3@gmail.com", 
    "password" : "$2a$08$WqL8EvESxHAsPycGEckY5.8t.tPxt1qFwEx6wVSjjCt.nZXX/mwJi", 
    "user_type" : NumberInt(1), 
    "status" : NumberInt(1), 
    "address1" : "", 
    "address2" : "", 
    "city" : "", 
    "country" : "", 
    "postcode" : "", 
    "ip_address" : "::ffff:117.240.81.204", 
    "created_date" : "2018-02-15 13:45:07", 
    "updated_date" : "2018-02-15 13:45:07", 
    "active_hash" : "$2a$10$fLfyASWKQrR69OAFT62M5uW1x1iJCoBUFZTRxLuRRdR0bYlXlDLGO", 
    "__v" : NumberInt(0), 
    "badges" : [
        "badge1.png"
    ]
}
{ 
    "_id" : ObjectId("5aaa7cc418938725efe74ae2"), 
    "id" : NumberInt(20), 
    "first_name" : "Rohan", 
    "last_name" : "Jadeja", 
    "mail" : "Rohan@innvonix.com", 
    "password" : "$2a$08$HDco3pXHMDkYfgCY4WM5lOmeFC2IQFrIZCvMi.hN6q6.Sp72nj/ji", 
    "user_type" : NumberInt(2), 
    "status" : NumberInt(0), 
    "address1" : "", 
    "address2" : "", 
    "city" : "", 
    "country" : "", 
    "postcode" : "", 
    "ip_address" : "::ffff:157.32.8.251", 
    "created_date" : "2018-02-15 14:01:40", 
    "updated_date" : "2018-02-15 14:01:40", 
    "active_hash" : "$2a$10$/4QWxQkF3en3TABkuJhDi.5d3oH6DAaOfo1BeGBeWmdkBw9MfyBR6", 
    "__v" : NumberInt(0), 
    "badges" : [
        "badge1.png"
    ]
}
{ 
    "_id" : ObjectId("5aaa87b190cfdb397f0e7ba7"), 
    "id" : NumberInt(22), 
    "first_name" : "Dipali", 
    "last_name" : "Patel", 
    "mail" : "dipali1234@yopmail.com", 
    "password" : "$2a$08$3.bTIQtdyn9BAA2wONl2TeEAQQO1WzCAjG2ZeZs8g3Ia4oYvtuuKu", 
    "user_type" : NumberInt(2), 
    "status" : NumberInt(2), 
    "address1" : "", 
    "address2" : "", 
    "city" : "", 
    "country" : "", 
    "postcode" : "", 
    "ip_address" : "::ffff:117.240.81.204", 
    "created_date" : "2018-02-15 14:48:17", 
    "updated_date" : "2018-02-15 14:48:17", 
    "active_hash" : "$2a$10$yQ.5tzemKFMMziAVF0pMieblDVb0r4hhjkmNysNz9narISr8er2Yi", 
    "__v" : NumberInt(0), 
    "badges" : [
        "badge1.png"
    ]
}
{ 
    "_id" : ObjectId("5aab576b3c6bc641394a4eea"), 
    "id" : NumberInt(23), 
    "first_name" : "Dipali", 
    "last_name" : "Chudasama", 
    "mail" : "  dipali.user@yopmail.com", 
    "password" : "$2a$08$Jjln3YXHisgZnIt2M.XhBuvn2n.ffs/MGbye8r1w5tgCrpLxamXkm", 
    "user_type" : NumberInt(1), 
    "status" : NumberInt(1), 
    "address1" : "", 
    "address2" : "", 
    "city" : "", 
    "country" : "", 
    "postcode" : "", 
    "ip_address" : "::ffff:117.240.81.204", 
    "created_date" : "2018-02-16 05:34:35", 
    "updated_date" : "2018-02-16 05:34:35", 
    "active_hash" : "$2a$10$kzLJ02nUjPyMyO0D6PKraeumiRUJeC0DPGnciGaorQQqHkskvL3BO", 
    "__v" : NumberInt(0), 
    "badges" : [
        "badge1.png"
    ]
}
{ 
    "_id" : ObjectId("5aab95e0b7ee5001a24d15ae"), 
    "id" : NumberInt(26), 
    "first_name" : "Purav", 
    "last_name" : "Thakkar", 
    "mail" : "purav@innvonix.com", 
    "password" : "$2a$08$MtJ1N3c8K8vChGYHqneDFOaz8Z5NFox73ih/2auEL/QQQmx5YiQTm", 
    "user_type" : NumberInt(2), 
    "status" : NumberInt(0), 
    "address1" : "", 
    "address2" : "", 
    "city" : "", 
    "country" : "", 
    "postcode" : "", 
    "ip_address" : "::ffff:123.201.38.128", 
    "created_date" : "2018-02-16 10:01:04", 
    "updated_date" : "2018-02-16 10:01:04", 
    "active_hash" : "$2a$10$/dtLFxpLWwAsdMpvojfwb.W1NQLms7yTo3GKA9QLN7EgCYCbVwQOS", 
    "__v" : NumberInt(0), 
    "badges" : [
        "badge1.png"
    ]
}
{ 
    "_id" : ObjectId("5aaba469b7ee5001a24d15b3"), 
    "id" : NumberInt(27), 
    "first_name" : "Saurabh", 
    "last_name" : "Kumar", 
    "mail" : "business1.revstance@yopmail.com", 
    "password" : "$2a$08$zGNoWSxDtCJcU14HJPZWJOEyHxOvtdOUFXs6TcnWNjdCdPy7naLaC", 
    "user_type" : NumberInt(2), 
    "status" : NumberInt(0), 
    "address1" : "", 
    "address2" : "", 
    "city" : "", 
    "country" : "", 
    "postcode" : "", 
    "ip_address" : "::ffff:117.240.81.204", 
    "created_date" : "2018-02-16 11:03:05", 
    "updated_date" : "2018-02-16 11:03:05", 
    "active_hash" : "$2a$10$QSyLEHRgpxgYGO6Lv5HJuuJRgLbR2XNXI5zgQ9xeSO6bBjr7sGuUm", 
    "__v" : NumberInt(0), 
    "badges" : [
        "badge1.png"
    ]
}
{ 
    "_id" : ObjectId("5aabc31abdce966a811940b3"), 
    "id" : NumberInt(28), 
    "first_name" : "Xrggrs", 
    "last_name" : "Gg", 
    "mail" : "test@gmail.com", 
    "password" : "$2a$08$EGvECOGfs1yKCEbQwT32Lej2UByCdEa.lYPGx1TzIivYmSyi75uPq", 
    "user_type" : NumberInt(2), 
    "status" : NumberInt(0), 
    "address1" : "", 
    "address2" : "", 
    "city" : "", 
    "country" : "", 
    "postcode" : "", 
    "ip_address" : "::ffff:123.201.38.128", 
    "created_date" : "2018-02-16 13:14:02", 
    "updated_date" : "2018-02-16 13:14:02", 
    "active_hash" : "$2a$10$mdQvXLO7UQNf3Nh0qdv9.ealjbpbwJqWe2J/KqxRTu9/81SGZszSy", 
    "__v" : NumberInt(0), 
    "badges" : [
        "badge1.png"
    ]
}
{ 
    "_id" : ObjectId("5aabc3e4bdce966a811940b5"), 
    "id" : NumberInt(29), 
    "first_name" : "Soham", 
    "last_name" : "Shah", 
    "mail" : "user1.revstance@yopmail.com", 
    "password" : "$2a$08$3lR6p8vUUSNmaFqWXPsgQu3ramDXVka4O3UZM6TM8MkGLsYlbSsWy", 
    "user_type" : NumberInt(2), 
    "status" : NumberInt(0), 
    "address1" : "", 
    "address2" : "", 
    "city" : "", 
    "country" : "", 
    "postcode" : "", 
    "ip_address" : "::ffff:117.240.81.204", 
    "created_date" : "2018-02-16 13:17:24", 
    "updated_date" : "2018-02-16 13:17:24", 
    "active_hash" : "$2a$10$5lcNTzJ5qnMmnuxu.tr3fOxPu8tZwPhF3SC5ST6RoFc3SUa52yOMS", 
    "__v" : NumberInt(0), 
    "badges" : [
        "badge1.png"
    ]
}
{ 
    "_id" : ObjectId("5ab42bd1bb5b290f548c4d82"), 
    "id" : NumberInt(30), 
    "first_name" : "Naveen", 
    "last_name" : "Akhund", 
    "mail" : "naveen_akhund@hotmail.com", 
    "password" : "$2a$08$VnDi.8jJFodjwIoZ9YMEaOcYPNLxAzeL0vtl70iG8upQEz0Glq5yu", 
    "user_type" : NumberInt(1), 
    "status" : NumberInt(1), 
    "address1" : "", 
    "address2" : "", 
    "city" : "", 
    "country" : "", 
    "postcode" : "", 
    "ip_address" : "::ffff:86.167.53.82", 
    "created_date" : "2018-02-22 22:18:57", 
    "updated_date" : "2018-02-22 22:18:57", 
    "active_hash" : "$2a$10$C0bIJn.ehcIjulzEcey2Ouh7ZsU6huguh6G/XWnpGmIKz337S.Upa", 
    "__v" : NumberInt(0), 
    "badges" : [
        "badge1.png"
    ]
}
{ 
    "_id" : ObjectId("5b84d3b386e5b214b2b553f5"), 
    "id" : NumberInt(46), 
    "dob" : "1997-06-17", 
    "gender" : "Female", 
    "profile_photo" : "map-marker.png", 
    "ethnicity" : "Abcd", 
    "contact_number" : "9408377992", 
    "address1" : "189", 
    "address2" : "Ryeanor way", 
    "area" : "Satellite", 
    "city" : "Ahmedabad", 
    "country" : "India", 
    "postcode" : "380015", 
    "business_name" : "", 
    "tag_line" : "hello", 
    "token_balance" : NumberInt(103), 
    "point_balance" : NumberInt(0), 
    "badges" : [

    ], 
    "next_billing_cycle" : "", 
    "transaction" : [

    ], 
    "property" : [
        ObjectId("5b84d50486e5b214b2b553f6")
    ], 
    "reviews" : [

    ], 
    "auto_renew" : NumberInt(1), 
    "referral_id" : NumberInt(0), 
    "referral_link" : "", 
    "business_address1" : "", 
    "business_address2" : "", 
    "business_contact_number" : "", 
    "business_status" : NumberInt(0), 
    "stripe_customer" : "", 
    "stripe_card_id" : "", 
    "is_professional_badge" : NumberInt(0), 
    "first_name" : "Ruchita", 
    "last_name" : "Shah", 
    "mail" : "ruchita.shah@innvonix.com", 
    "password" : "$2a$08$9.ygUCpjpY0F.S3fIyvDNOtzBV6gnRYuyWbQfaoQgFH9MKxsLQq7W", 
    "user_type" : NumberInt(1), 
    "status" : NumberInt(1), 
    "membership" : ObjectId("5b81435447729d0ac54800b9"), 
    "next_membership_plan" : ObjectId("5b81435447729d0ac54800b9"), 
    "ip_address" : "::ffff:127.0.0.1", 
    "is_influencer" : NumberInt(0), 
    "wallet_id" : "7f9937", 
    "created_date" : "2018-08-28 10:16:43", 
    "updated_date" : "2018-08-28 10:16:43", 
    "active_hash" : "$2a$10$ncvFUaXORIzuRxu1ETWnIu3srAA7VuYrSImhB4qYS6ZZdLqxq.yRW", 
    "__v" : NumberInt(1)
}
{ 
    "_id" : ObjectId("5b84daa2e5f93a1a8e2503e1"), 
    "id" : NumberInt(47), 
    "dob" : "", 
    "gender" : "", 
    "profile_photo" : "", 
    "ethnicity" : "", 
    "contact_number" : "", 
    "address1" : "", 
    "address2" : "", 
    "area" : "", 
    "city" : "", 
    "country" : "", 
    "postcode" : "", 
    "business_name" : "", 
    "tag_line" : "", 
    "token_balance" : NumberInt(100), 
    "point_balance" : NumberInt(0), 
    "badges" : [

    ], 
    "next_billing_cycle" : "", 
    "transaction" : [

    ], 
    "property" : [

    ], 
    "reviews" : [

    ], 
    "auto_renew" : NumberInt(1), 
    "referral_id" : NumberInt(0), 
    "referral_link" : "", 
    "business_address1" : "", 
    "business_address2" : "", 
    "business_contact_number" : "", 
    "business_status" : NumberInt(0), 
    "stripe_customer" : "", 
    "stripe_card_id" : "", 
    "is_professional_badge" : NumberInt(0), 
    "first_name" : "Akash ", 
    "last_name" : "Patel", 
    "mail" : "akash.patel@innvonix.com", 
    "password" : "$2a$08$d4Ehanp/Gn1VEGgDGb0OjuX/u6wD/9tSRkRWc/eEDQu196ccIHUdG", 
    "user_type" : NumberInt(3), 
    "status" : NumberInt(1), 
    "membership" : ObjectId("5b81435447729d0ac54800b9"), 
    "next_membership_plan" : ObjectId("5b81435447729d0ac54800b9"), 
    "ip_address" : "::ffff:127.0.0.1", 
    "is_influencer" : NumberInt(0), 
    "wallet_id" : "9de95e", 
    "created_date" : "2018-08-28 10:46:18", 
    "updated_date" : "2018-08-28 10:46:18", 
    "active_hash" : "$2a$10$ZRcDwTCcmKRW4FxWRlKnIeuSby1ySEDb2JuhvnwquSjifM5M8WOU.", 
    "__v" : NumberInt(0)
}
