{ 
    "_id" : ObjectId("5aa2136646094b0c59bc029a"), 
    "id" : NumberInt(1), 
    "business_name" : "venus", 
    "user_id" : NumberInt(2), 
    "address1" : "venus", 
    "address2" : "venus", 
    "contact_number" : "9898989898", 
    "status" : NumberInt(0), 
    "created_date" : "2018-03-09T04:53:58.000+0000", 
    "updated_date" : "2018-03-09T04:53:58.000+0000", 
    "__v" : NumberInt(0)
}
{ 
    "_id" : ObjectId("5aaa433a47729d109048638a"), 
    "id" : NumberInt(2), 
    "business_name" : "venuss", 
    "user_id" : NumberInt(6), 
    "address1" : "venuss", 
    "address2" : "venuss", 
    "contact_number" : "9898989898", 
    "status" : NumberInt(0), 
    "created_date" : "2018-03-09T04:53:58.000+0000", 
    "updated_date" : "2018-03-09T04:53:58.000+0000", 
    "__v" : NumberInt(0)
}
