{ 
    "_id" : ObjectId("5b6d2d740729021989e4e145"), 
    "category_name" : "commercial", 
    "status" : NumberInt(1), 
    "created_date" : "2018-07-10 11:45:16", 
    "updated_date" : "2018-07-10 11:45:16", 
    "id" : NumberInt(2), 
    "__v" : NumberInt(0), 
    "user" : ObjectId("5aa37d893514ec1ed86ba867")
}
{ 
    "_id" : ObjectId("5b6d2d7b0729021989e4e146"), 
    "category_name" : "plot", 
    "status" : NumberInt(1), 
    "created_date" : "2018-07-10 11:45:23", 
    "updated_date" : "2018-07-10 11:45:23", 
    "id" : NumberInt(3), 
    "__v" : NumberInt(0), 
    "user" : ObjectId("5aa37d893514ec1ed86ba867")
}
{ 
    "_id" : ObjectId("5b6d2d870729021989e4e147"), 
    "category_name" : "party plot", 
    "status" : NumberInt(1), 
    "created_date" : "2018-07-10 11:45:35", 
    "updated_date" : "2018-07-10 11:45:35", 
    "id" : NumberInt(4), 
    "__v" : NumberInt(0), 
    "user" : ObjectId("5aa37d893514ec1ed86ba867")
}
{ 
    "_id" : ObjectId("5b6d2d8f0729021989e4e148"), 
    "category_name" : "grounds", 
    "status" : NumberInt(1), 
    "created_date" : "2018-07-10 11:45:43", 
    "updated_date" : "2018-07-10 11:45:43", 
    "id" : NumberInt(5), 
    "__v" : NumberInt(0), 
    "user" : ObjectId("5aa37d893514ec1ed86ba867")
}
{ 
    "_id" : ObjectId("5b6d2d950729021989e4e149"), 
    "category_name" : "farm house", 
    "status" : NumberInt(1), 
    "created_date" : "2018-07-10 11:45:49", 
    "updated_date" : "2018-07-10 11:45:49", 
    "id" : NumberInt(6), 
    "__v" : NumberInt(0), 
    "user" : ObjectId("5aa37d893514ec1ed86ba867")
}
{ 
    "_id" : ObjectId("5b6d2d9e0729021989e4e14a"), 
    "category_name" : "bunglows", 
    "status" : NumberInt(1), 
    "created_date" : "2018-07-10 11:45:58", 
    "updated_date" : "2018-07-10 11:45:58", 
    "id" : NumberInt(7), 
    "__v" : NumberInt(0), 
    "user" : ObjectId("5aa37d893514ec1ed86ba867")
}
{ 
    "_id" : ObjectId("5b6d2da40729021989e4e14b"), 
    "category_name" : "villas", 
    "status" : NumberInt(1), 
    "created_date" : "2018-07-10 11:46:04", 
    "updated_date" : "2018-07-10 11:46:04", 
    "id" : NumberInt(8), 
    "__v" : NumberInt(0), 
    "user" : ObjectId("5aa37d893514ec1ed86ba867")
}
{ 
    "_id" : ObjectId("5b6d2db70729021989e4e14c"), 
    "category_name" : "theatre", 
    "status" : NumberInt(1), 
    "created_date" : "2018-07-10 11:46:23", 
    "updated_date" : "2018-07-10 11:46:23", 
    "id" : NumberInt(9), 
    "__v" : NumberInt(0), 
    "user" : ObjectId("5aa37d893514ec1ed86ba867")
}
{ 
    "_id" : ObjectId("5b6d2dc10729021989e4e14d"), 
    "category_name" : "offices", 
    "status" : NumberInt(1), 
    "created_date" : "2018-07-10 11:46:33", 
    "updated_date" : "2018-07-10 11:46:33", 
    "id" : NumberInt(10), 
    "__v" : NumberInt(0), 
    "user" : ObjectId("5aa37d893514ec1ed86ba867")
}
{ 
    "_id" : ObjectId("5b6d2dc60729021989e4e14e"), 
    "category_name" : "house", 
    "status" : NumberInt(1), 
    "created_date" : "2018-07-10 11:46:38", 
    "updated_date" : "2018-07-10 11:46:38", 
    "id" : NumberInt(11), 
    "__v" : NumberInt(0), 
    "user" : ObjectId("5aa37d893514ec1ed86ba867")
}
{ 
    "_id" : ObjectId("5b6d2dcb0729021989e4e14f"), 
    "category_name" : "hotel", 
    "status" : NumberInt(1), 
    "created_date" : "2018-07-10 11:46:43", 
    "updated_date" : "2018-07-10 11:46:43", 
    "id" : NumberInt(12), 
    "__v" : NumberInt(0), 
    "user" : ObjectId("5aa37d893514ec1ed86ba867")
}
{ 
    "_id" : ObjectId("5b6d2dd00729021989e4e150"), 
    "category_name" : "motel", 
    "status" : NumberInt(1), 
    "created_date" : "2018-07-10 11:46:48", 
    "updated_date" : "2018-07-10 11:46:48", 
    "id" : NumberInt(13), 
    "__v" : NumberInt(0), 
    "user" : ObjectId("5aa37d893514ec1ed86ba867")
}
{ 
    "_id" : ObjectId("5b6d2dde0729021989e4e151"), 
    "category_name" : "rental space", 
    "status" : NumberInt(1), 
    "created_date" : "2018-07-10 11:47:02", 
    "updated_date" : "2018-07-10 11:47:02", 
    "id" : NumberInt(14), 
    "__v" : NumberInt(0), 
    "user" : ObjectId("5aa37d893514ec1ed86ba867")
}
{ 
    "_id" : ObjectId("5b6d2de50729021989e4e152"), 
    "category_name" : "waterpark", 
    "status" : NumberInt(1), 
    "created_date" : "2018-07-10 11:47:09", 
    "updated_date" : "2018-07-10 11:47:09", 
    "id" : NumberInt(15), 
    "__v" : NumberInt(0), 
    "user" : ObjectId("5aa37d893514ec1ed86ba867")
}
{ 
    "_id" : ObjectId("5b6d30322546d41cafbb4a2b"), 
    "category_name" : "club", 
    "status" : NumberInt(1), 
    "created_date" : "2018-07-10 11:56:58", 
    "updated_date" : "2018-07-10 11:56:58", 
    "id" : NumberInt(1), 
    "__v" : NumberInt(0), 
    "user" : ObjectId("5aa37d893514ec1ed86ba867")
}
{ 
    "_id" : ObjectId("5b7ac2cdfba83a47742a7497"), 
    "category_name" : "tej", 
    "status" : NumberInt(1), 
    "created_date" : "2018-07-20 19:01:57", 
    "updated_date" : "2018-07-20 19:01:57", 
    "id" : NumberInt(16), 
    "__v" : NumberInt(0), 
    "user" : ObjectId("5aa37d893514ec1ed86ba867")
}
{ 
    "_id" : ObjectId("5b7ac32f791cab4b7f5978fe"), 
    "category_name" : "taz", 
    "status" : NumberInt(1), 
    "created_date" : "2018-07-20 19:03:35", 
    "updated_date" : "2018-07-20 19:03:35", 
    "id" : NumberInt(17), 
    "__v" : NumberInt(0), 
    "user" : ObjectId("5aa37d893514ec1ed86ba867")
}
{ 
    "_id" : ObjectId("5b838b2293c91507643efe2c"), 
    "property" : [

    ], 
    "category_name" : "clns", 
    "status" : NumberInt(0), 
    "created_date" : "2018-07-27 10:54:50", 
    "user" : ObjectId("5b813a7943530e30c944f4b0"), 
    "updated_date" : "2018-07-27 10:54:50", 
    "id" : NumberInt(18), 
    "__v" : NumberInt(0)
}
