{ 
    "_id" : ObjectId("5ab258acf06e20192c2f87d7"), 
    "id" : NumberInt(10), 
    "property_name" : "taj", 
    "address1" : "taj", 
    "address2" : "taj", 
    "category_id" : [
        NumberInt(1)
    ], 
    "property_desc" : "taj", 
    "property_images" : "property_image_318_1521637548369.svg", 
    "user_id" : NumberInt(2), 
    "created_by" : NumberInt(2), 
    "status" : NumberInt(1), 
    "created_date" : "2018-03-21 18:35:48", 
    "updated_date" : "2018-03-21 18:35:48", 
    "__v" : NumberInt(0), 
    "post_code" : "789789", 
    "city" : "London", 
    "country" : "UK"
}
{ 
    "_id" : ObjectId("5ab25c587e49d41b0d7a1b79"), 
    "id" : NumberInt(11), 
    "property_name" : "frontend Property", 
    "address1" : "front", 
    "address2" : "front", 
    "category_id" : [
        NumberInt(6)
    ], 
    "property_desc" : "front", 
    "property_images" : "property_image_934_1521638488851.png,property_image_504_1521638488853.svg,property_image_702_1521638488855.png,property_image_396_1521638488855.png", 
    "user_id" : NumberInt(5), 
    "created_by" : NumberInt(1), 
    "status" : NumberInt(1), 
    "created_date" : "2018-03-21 18:51:28", 
    "updated_date" : "2018-03-21 18:51:28", 
    "__v" : NumberInt(0), 
    "post_code" : "789789", 
    "city" : "London", 
    "country" : "UK"
}
{ 
    "_id" : ObjectId("5ab354f28a0c37260762deac"), 
    "id" : NumberInt(16), 
    "property_name" : "d", 
    "address1" : "d", 
    "address2" : "d", 
    "category_id" : [
        NumberInt(2)
    ], 
    "property_desc" : "d", 
    "property_images" : "property_image_8_1521702130080.png", 
    "user_id" : NumberInt(2), 
    "created_by" : NumberInt(2), 
    "status" : NumberInt(1), 
    "created_date" : "2018-03-22 12:32:10", 
    "updated_date" : "5/17/2018, 11:26:22 AM", 
    "__v" : NumberInt(0), 
    "post_code" : "London", 
    "city" : "London", 
    "country" : "UK"
}
{ 
    "_id" : ObjectId("5ab354fd8a0c37260762dead"), 
    "id" : NumberInt(17), 
    "property_name" : "f", 
    "address1" : "f", 
    "address2" : "f", 
    "category_id" : [
        NumberInt(6)
    ], 
    "property_desc" : "f", 
    "property_images" : "property_image_912_1521702141980.png", 
    "user_id" : NumberInt(5), 
    "created_by" : NumberInt(2), 
    "status" : NumberInt(1), 
    "created_date" : "2018-03-22 12:32:21", 
    "updated_date" : "2018-03-22 12:32:21", 
    "__v" : NumberInt(0), 
    "post_code" : "456456", 
    "city" : "London", 
    "country" : "UK"
}
{ 
    "_id" : ObjectId("5ab355098a0c37260762deae"), 
    "id" : NumberInt(18), 
    "property_name" : "g", 
    "address1" : "g", 
    "address2" : "g", 
    "category_id" : [
        NumberInt(6)
    ], 
    "property_desc" : "g", 
    "property_images" : "property_image_736_1523338172312.jpeg,property_image_202_1521702153816.png", 
    "user_id" : NumberInt(5), 
    "created_by" : NumberInt(2), 
    "status" : NumberInt(1), 
    "created_date" : "2018-03-22 12:32:33", 
    "updated_date" : "4/10/2018, 6:30:40 AM", 
    "__v" : NumberInt(0), 
    "post_code" : "456547", 
    "city" : "London", 
    "country" : "UK"
}
{ 
    "_id" : ObjectId("5ab3551b8a0c37260762deaf"), 
    "id" : NumberInt(19), 
    "property_name" : "h", 
    "address1" : "h", 
    "address2" : "h", 
    "category_id" : [
        NumberInt(10)
    ], 
    "property_desc" : "h", 
    "property_images" : "property_image_518_1521702171451.png", 
    "user_id" : NumberInt(2), 
    "created_by" : NumberInt(2), 
    "status" : NumberInt(1), 
    "created_date" : "2018-03-22 12:32:51", 
    "updated_date" : "2018-03-22 12:32:51", 
    "__v" : NumberInt(0), 
    "post_code" : "45678", 
    "city" : "London", 
    "country" : "UK"
}
{ 
    "_id" : ObjectId("5ab355508a0c37260762deb3"), 
    "id" : NumberInt(23), 
    "property_name" : "z", 
    "address1" : "z", 
    "address2" : "z", 
    "category_id" : [
        NumberInt(4)
    ], 
    "property_desc" : "z", 
    "property_images" : "property_image_467_1521878176884.png,property_image_835_1521878176884.png,property_image_595_1521878176885.png", 
    "user_id" : NumberInt(2), 
    "created_by" : NumberInt(2), 
    "status" : NumberInt(1), 
    "created_date" : "2018-03-22 12:33:44", 
    "updated_date" : "2018-03-24 13:26:16", 
    "__v" : NumberInt(0), 
    "post_code" : "54678", 
    "city" : "London", 
    "country" : "UK"
}
{ 
    "_id" : ObjectId("5ab35a00ab5a592c14810b4f"), 
    "id" : NumberInt(27), 
    "property_name" : "py", 
    "address1" : "3rd floor, Navjeevan Amrut Jayanti Bhawan, Behind Gujarat Vidyapeeth", 
    "address2" : "Off Ashram Road, Usmanpura, Ahmedabad", 
    "category_id" : [
        NumberInt(10)
    ], 
    "property_desc" : "py", 
    "property_images" : "property_image_254_1521703424181.png", 
    "user_id" : NumberInt(2), 
    "created_by" : NumberInt(2), 
    "status" : NumberInt(2), 
    "created_date" : "2018-03-22 12:53:44", 
    "updated_date" : "2018-03-27 14:20:12", 
    "__v" : NumberInt(0), 
    "post_code" : "12345", 
    "city" : "London", 
    "country" : "UK"
}
{ 
    "_id" : ObjectId("5ab35a0fab5a592c14810b50"), 
    "id" : NumberInt(28), 
    "property_name" : "pz", 
    "address1" : "p", 
    "address2" : "z", 
    "category_id" : [
        NumberInt(12)
    ], 
    "property_desc" : "pz", 
    "property_images" : "property_image_133_1521703439862.png", 
    "user_id" : NumberInt(2), 
    "created_by" : NumberInt(2), 
    "status" : NumberInt(1), 
    "created_date" : "2018-03-22 12:53:59", 
    "updated_date" : "2018-03-22 17:39:01", 
    "__v" : NumberInt(0), 
    "post_code" : "78979", 
    "city" : "London", 
    "country" : "UK"
}
{ 
    "_id" : ObjectId("5ab49eea68c76315a8dfb4c1"), 
    "id" : NumberInt(33), 
    "property_name" : "Atlantis", 
    "address1" : "Ashram Road, Ashram Road, Ashram Road, Ashram Road, Ashram Road, Ashram Road3rd floor,", 
    "address2" : "Ahemdabad ahemdabad", 
    "category_id" : [
        NumberInt(3)
    ], 
    "property_desc" : "Atlantis site by Venus Group", 
    "property_images" : "property_image_954_1523856488220.jpeg,property_image_243_1523856488221.jpeg,property_image_199_1521786602985.jpeg", 
    "user_id" : NumberInt(2), 
    "created_by" : NumberInt(2), 
    "status" : NumberInt(1), 
    "created_date" : "2018-03-23 12:00:02", 
    "updated_date" : "5/17/2018, 10:30:52 AM", 
    "__v" : NumberInt(0), 
    "property_id" : "AsdDs12359PdeWp33", 
    "post_code" : "London", 
    "city" : "London", 
    "country" : "UK"
}
{ 
    "_id" : ObjectId("5ab5f46c7a98b91eadfe02dd"), 
    "id" : NumberInt(35), 
    "property_name" : "fsdafsdfsd", 
    "address1" : "sdfsd", 
    "address2" : "sdf", 
    "category_id" : [
        NumberInt(2)
    ], 
    "property_desc" : "sdfsfs dsfds", 
    "property_images" : "property_image_805_1521874028400.png", 
    "user_id" : NumberInt(2), 
    "created_by" : NumberInt(2), 
    "status" : NumberInt(1), 
    "created_date" : "2018-03-24 12:17:08", 
    "updated_date" : "2018-03-26 11:03:57", 
    "__v" : NumberInt(0), 
    "post_code" : "789789", 
    "city" : "London", 
    "country" : "UK"
}
{ 
    "_id" : ObjectId("5ab881fb1a45190d08f89ab9"), 
    "id" : NumberInt(36), 
    "property_name" : "small property", 
    "address1" : "small", 
    "address2" : "small", 
    "category_id" : [
        NumberInt(2)
    ], 
    "property_desc" : "small", 
    "property_images" : "property_image_869_1522041339241.jpeg", 
    "user_id" : NumberInt(2), 
    "created_by" : NumberInt(2), 
    "status" : NumberInt(0), 
    "created_date" : "2018-03-26 10:45:39", 
    "updated_date" : "2018-03-26 10:45:39", 
    "__v" : NumberInt(0), 
    "post_code" : "78978", 
    "city" : "London", 
    "country" : "UK"
}
{ 
    "_id" : ObjectId("5ab88fcd1a45190d08f89aba"), 
    "id" : NumberInt(37), 
    "property_name" : "small property", 
    "address1" : "small", 
    "address2" : "small", 
    "category_id" : [
        NumberInt(1)
    ], 
    "property_desc" : "small property\r\n", 
    "property_images" : "property_image_246_1522044877879.jpeg", 
    "user_id" : NumberInt(2), 
    "created_by" : NumberInt(2), 
    "status" : NumberInt(0), 
    "created_date" : "2018-03-26 11:44:37", 
    "updated_date" : "2018-03-26 11:44:37", 
    "__v" : NumberInt(0), 
    "post_code" : "78978", 
    "city" : "London", 
    "country" : "UK"
}
{ 
    "_id" : ObjectId("5abf3f2b02153753ffcc2451"), 
    "id" : NumberInt(38), 
    "property_name" : "great", 
    "address1" : "great", 
    "address2" : "great", 
    "category_id" : [
        NumberInt(1)
    ], 
    "property_desc" : "great", 
    "property_images" : "property_image_686_1522482987468.png", 
    "user_id" : NumberInt(2), 
    "created_by" : NumberInt(2), 
    "status" : NumberInt(0), 
    "created_date" : "2018-03-31 13:26:27", 
    "updated_date" : "2018-03-31 13:26:27", 
    "__v" : NumberInt(0), 
    "post_code" : "789789", 
    "city" : "London", 
    "country" : "UK"
}
{ 
    "_id" : ObjectId("5ac374d84c7ccd4fcdc07f50"), 
    "id" : NumberInt(40), 
    "property_name" : "Silicon Valley", 
    "address1" : "St. Loremon Street", 
    "address2" : "Florida", 
    "category_id" : [
        NumberInt(1)
    ], 
    "property_desc" : "Silicon Valley, a  best place", 
    "property_images" : "", 
    "user_id" : NumberInt(5), 
    "created_by" : NumberInt(1), 
    "status" : NumberInt(1), 
    "created_date" : "4/3/2018, 1:34:32 PM", 
    "updated_date" : "4/16/2018, 9:29:35 AM", 
    "__v" : NumberInt(0), 
    "post_code" : "654645", 
    "city" : "London", 
    "country" : "UK"
}
{ 
    "_id" : ObjectId("5ac4cea18d5f271a578348c1"), 
    "id" : NumberInt(41), 
    "property_name" : "venus", 
    "address1" : "venus", 
    "address2" : "venus", 
    "category_id" : [
        NumberInt(2)
    ], 
    "property_desc" : "venus", 
    "property_images" : "property_image_115_1522988827457.jpg,property_image_755_1522988827460.jpeg,property_image_100_1522988827460.jpeg,property_image_983_1522988827461.jpeg,property_image_345_1522988827461.jpeg,property_image_932_1522988827462.jpeg,property_image_218_1522988827462.jpeg,property_image_102_1522988827463.jpeg,property_image_198_1522988827463.jpeg,property_image_315_1522847393439.jpg", 
    "user_id" : NumberInt(2), 
    "created_by" : NumberInt(2), 
    "status" : NumberInt(0), 
    "created_date" : "4/4/2018, 2:09:53 PM", 
    "updated_date" : "4/6/2018, 5:27:07 AM", 
    "__v" : NumberInt(0), 
    "post_code" : "45645", 
    "city" : "London", 
    "country" : "UK"
}
{ 
    "_id" : ObjectId("5acc5b903cfea9184c63306d"), 
    "id" : NumberInt(42), 
    "property_name" : "Vivan Iconic", 
    "address1" : "Nr.IOC Petrol Pump,", 
    "address2" : "Jodhpur Cross road, Ahemdabad", 
    "category_id" : [
        NumberInt(4)
    ], 
    "property_desc" : "Vivan Iconic", 
    "property_images" : "", 
    "user_id" : NumberInt(5), 
    "created_by" : NumberInt(1), 
    "status" : NumberInt(1), 
    "created_date" : "4/10/2018, 7:37:04 AM", 
    "updated_date" : "4/10/2018, 7:49:21 AM", 
    "__v" : NumberInt(0), 
    "post_code" : "1545", 
    "city" : "London", 
    "country" : "UK"
}
{ 
    "_id" : ObjectId("5acc8ff739ce232fc69039a4"), 
    "id" : NumberInt(43), 
    "property_name" : "test", 
    "address1" : "test", 
    "address2" : "test", 
    "category_id" : [
        NumberInt(3)
    ], 
    "property_desc" : "test", 
    "property_images" : "property_image_673_1523355639781.jpeg", 
    "user_id" : NumberInt(2), 
    "created_by" : NumberInt(2), 
    "status" : NumberInt(0), 
    "created_date" : "4/10/2018, 11:20:39 AM", 
    "updated_date" : "4/10/2018, 11:20:39 AM", 
    "property_id" : "ITkdl17520HfkFT43", 
    "__v" : NumberInt(0), 
    "post_code" : "123", 
    "city" : "London", 
    "country" : "UK"
}
{ 
    "_id" : ObjectId("5ad460b8a8d4f7315096fbe4"), 
    "id" : NumberInt(44), 
    "property_name" : "thumb", 
    "address1" : "thumb", 
    "address2" : "thumb", 
    "category_id" : [
        NumberInt(1)
    ], 
    "property_desc" : "thumb", 
    "property_images" : "property_image_972_1523867832426.jpeg,property_image_542_1523867832427.jpeg,property_image_146_1523867832428.jpeg,property_image_585_1523867832428.jpeg", 
    "post_code" : "thumb", 
    "user_id" : NumberInt(2), 
    "created_by" : NumberInt(2), 
    "status" : NumberInt(1), 
    "created_date" : "4/16/2018, 9:37:12 AM", 
    "updated_date" : "4/16/2018, 9:37:12 AM", 
    "property_id" : "pgGdT16510XKgne44", 
    "__v" : NumberInt(0), 
    "city" : "London", 
    "country" : "UK"
}
{ 
    "_id" : ObjectId("5addd0795a5526634d25a488"), 
    "id" : NumberInt(45), 
    "property_name" : "test category", 
    "address1" : "test", 
    "address2" : "test", 
    "category_id" : [
        NumberInt(1)
    ], 
    "property_desc" : "test", 
    "property_images" : "", 
    "post_code" : "test125", 
    "user_id" : NumberInt(5), 
    "created_by" : NumberInt(1), 
    "status" : NumberInt(1), 
    "created_date" : "4/23/2018, 1:24:25 PM", 
    "updated_date" : "4/23/2018, 1:24:25 PM", 
    "property_id" : "LwXsd33991FLPGu45", 
    "__v" : NumberInt(0), 
    "city" : "London", 
    "country" : "UK"
}
{ 
    "_id" : ObjectId("5aded9bbbac2f429dd6c9538"), 
    "id" : NumberInt(47), 
    "property_name" : "one category", 
    "address1" : "one", 
    "address2" : "one", 
    "category_id" : [
        NumberInt(4)
    ], 
    "property_desc" : "one", 
    "property_images" : "property_image_352_1524554868330.png", 
    "post_code" : "one1243", 
    "user_id" : NumberInt(2), 
    "created_by" : NumberInt(2), 
    "status" : NumberInt(1), 
    "created_date" : "4/24/2018, 8:16:11 AM", 
    "updated_date" : "4/24/2018, 8:28:16 AM", 
    "property_id" : "BwAFs74094BAnSN47", 
    "__v" : NumberInt(0), 
    "city" : "London", 
    "country" : "UK"
}
{ 
    "_id" : ObjectId("5aded9d8bac2f429dd6c9539"), 
    "id" : NumberInt(48), 
    "property_name" : "multi category", 
    "address1" : "multi", 
    "address2" : "multi", 
    "category_id" : [
        NumberInt(1), 
        NumberInt(3)
    ], 
    "property_desc" : "multi", 
    "property_images" : "property_image_142_1524554931659.png", 
    "post_code" : "multi123", 
    "user_id" : NumberInt(2), 
    "created_by" : NumberInt(2), 
    "status" : NumberInt(1), 
    "created_date" : "4/24/2018, 8:16:40 AM", 
    "updated_date" : "4/25/2018, 6:41:12 AM", 
    "property_id" : "fntDG99244TTAck48", 
    "__v" : NumberInt(4), 
    "city" : "London", 
    "country" : "UK"
}
{ 
    "_id" : ObjectId("5adf39ebd2b60b59eb0406b3"), 
    "id" : NumberInt(49), 
    "property_name" : "entry", 
    "address1" : "entry", 
    "address2" : "entry", 
    "category_id" : [
        NumberInt(1)
    ], 
    "property_desc" : "entry", 
    "property_images" : "property_image_525_1524578816129.png", 
    "post_code" : "entry1235", 
    "user_id" : NumberInt(2), 
    "created_by" : NumberInt(2), 
    "status" : NumberInt(0), 
    "created_date" : "4/24/2018, 3:06:35 PM", 
    "updated_date" : "4/24/2018, 3:07:09 PM", 
    "property_id" : "HxEuP55271rtuPm49", 
    "__v" : NumberInt(0), 
    "city" : "London", 
    "country" : "UK"
}
{ 
    "_id" : ObjectId("5ae00973664d9d151624073f"), 
    "id" : NumberInt(50), 
    "category_id" : [
        NumberInt(1)
    ], 
    "property_name" : "testt", 
    "address1" : "test", 
    "address2" : "test", 
    "property_desc" : "test", 
    "property_images" : "property_image_621_1524631923905.png", 
    "post_code" : "test125", 
    "user_id" : NumberInt(2), 
    "created_by" : NumberInt(2), 
    "status" : NumberInt(0), 
    "created_date" : "4/25/2018, 5:52:03 AM", 
    "updated_date" : "4/25/2018, 5:52:03 AM", 
    "property_id" : "hxjBL77552Odikv50", 
    "__v" : NumberInt(0), 
    "city" : "London", 
    "country" : "UK"
}
{ 
    "_id" : ObjectId("5ae00a30e2a535157c78cdeb"), 
    "id" : NumberInt(51), 
    "category_id" : [
        NumberInt(2)
    ], 
    "property_name" : "testttt", 
    "address1" : "test", 
    "address2" : "test", 
    "property_desc" : "test", 
    "property_images" : "property_image_246_1524632112913.png", 
    "post_code" : "test125", 
    "user_id" : NumberInt(2), 
    "created_by" : NumberInt(2), 
    "status" : NumberInt(0), 
    "created_date" : "4/25/2018, 5:55:12 AM", 
    "updated_date" : "4/25/2018, 5:55:12 AM", 
    "property_id" : "sPgDW63037WyDaK51", 
    "__v" : NumberInt(0), 
    "city" : "London", 
    "country" : "UK"
}
{ 
    "_id" : ObjectId("5ae04cec90ace51334d35367"), 
    "id" : NumberInt(52), 
    "category_id" : [
        NumberInt(1), 
        NumberInt(2), 
        NumberInt(3), 
        NumberInt(4)
    ], 
    "property_name" : "busi", 
    "address1" : "busi", 
    "address2" : "busi", 
    "property_desc" : "busi", 
    "property_images" : "property_image_804_1524649196890.png", 
    "post_code" : "123456", 
    "user_id" : NumberInt(2), 
    "created_by" : NumberInt(2), 
    "status" : NumberInt(1), 
    "created_date" : "4/25/2018, 10:39:56 AM", 
    "updated_date" : "5/17/2018, 11:20:58 AM", 
    "property_id" : "ZqGJU74158aUoUA52", 
    "__v" : NumberInt(0), 
    "city" : "London", 
    "country" : "UK"
}
{ 
    "_id" : ObjectId("5ae95e57d89df91efa8ae59f"), 
    "id" : NumberInt(53), 
    "category_id" : [
        NumberInt(4)
    ], 
    "property_name" : "taj", 
    "address1" : "taj", 
    "address2" : "taj", 
    "property_desc" : "taj", 
    "property_images" : "property_image_571_1525243479031.png", 
    "post_code" : "54678", 
    "user_id" : NumberInt(2), 
    "created_by" : NumberInt(2), 
    "status" : NumberInt(0), 
    "created_date" : "5/2/2018, 7:44:39 AM", 
    "updated_date" : "5/2/2018, 7:44:39 AM", 
    "property_id" : "jGJkh01416rTBEr53", 
    "__v" : NumberInt(0), 
    "city" : "London", 
    "country" : "UK"
}
{ 
    "_id" : ObjectId("5ae96118d89df91efa8ae5a0"), 
    "id" : NumberInt(54), 
    "category_id" : [
        NumberInt(2)
    ], 
    "property_name" : "busi", 
    "address1" : "busi", 
    "address2" : "busi", 
    "property_desc" : "busi", 
    "property_images" : "property_image_960_1525244184761.png", 
    "post_code" : "London", 
    "user_id" : NumberInt(2), 
    "created_by" : NumberInt(2), 
    "status" : NumberInt(0), 
    "created_date" : "5/2/2018, 7:56:24 AM", 
    "updated_date" : "5/17/2018, 11:27:04 AM", 
    "property_id" : "OTaKq75787tVCiK54", 
    "__v" : NumberInt(0), 
    "city" : "London", 
    "country" : "UK"
}
{ 
    "_id" : ObjectId("5ae96152d89df91efa8ae5a1"), 
    "id" : NumberInt(55), 
    "category_id" : [
        NumberInt(3)
    ], 
    "property_name" : "busi", 
    "address1" : "busi", 
    "address2" : "busi", 
    "property_desc" : "test", 
    "property_images" : "property_image_681_1525244242954.png", 
    "post_code" : "London", 
    "user_id" : NumberInt(2), 
    "created_by" : NumberInt(2), 
    "status" : NumberInt(0), 
    "created_date" : "5/2/2018, 7:57:22 AM", 
    "updated_date" : "5/17/2018, 11:26:42 AM", 
    "property_id" : "GvQOV10692mXaGY55", 
    "__v" : NumberInt(0), 
    "city" : "London", 
    "country" : "UK"
}
{ 
    "_id" : ObjectId("5b6c42da33764e55ec03b605"), 
    "id" : NumberInt(56), 
    "category_id" : [
        NumberInt(4)
    ], 
    "property_name" : "Burger", 
    "address1" : "Burger", 
    "address2" : "Burger", 
    "property_desc" : "Lorem Ipsum is simply dummy text of the printing and typesetting industry. Lorem Ipsum has been the industry's standard dummy text ever since the 1500s, when an unknown printer took a galley of type and scrambled it to make a type specimen book. It has survived not only five centuries, but also the leap into electronic typesetting, remaining essentially unchanged. It was popula", 
    "property_images" : "property_image_135_1533821658540.jpeg,property_image_881_1533821658541.jpg", 
    "post_code" : "384002", 
    "city" : "Ahemdabad", 
    "country" : "UK", 
    "user_id" : NumberInt(1), 
    "created_by" : NumberInt(1), 
    "status" : NumberInt(1), 
    "created_date" : "8/9/2018, 2:34:18 PM", 
    "updated_date" : "8/9/2018, 2:34:18 PM", 
    "property_id" : "mriPQ59399jxQbZ56", 
    "__v" : NumberInt(0)
}
