{ 
    "_id" : ObjectId("5ad47801a8d4f7315096fbe5"), 
    "is_guest" : NumberInt(1), 
    "review_content" : "test review", 
    "review_rating" : NumberInt(4), 
    "review_media" : "editreview_images_378_1523873961786.png,editreview_images_327_1523873961795.png,editreview_images_348_1523873961797.png,review_images_873_1523873793210.png", 
    "is_reply" : NumberInt(0), 
    "status" : NumberInt(0), 
    "property_id" : NumberInt(44), 
    "user_id" : NumberInt(5), 
    "ip_address" : "117.240.81.204", 
    "user_location" : "India", 
    "created_date" : "4/16/2018, 11:16:33 AM", 
    "updated_date" : "4/16/2018, 11:19:21 AM", 
    "timestamp" : 423298.2758333333, 
    "id" : NumberInt(2), 
    "__v" : NumberInt(0)
}
