{ 
    "_id" : ObjectId("5aa211fe69ec6e0bce098ef3"), 
    "id" : NumberInt(1), 
    "first_name" : "rajesh", 
    "last_name" : "patel", 
    "mail" : "rajesh@gmail.com", 
    "password" : "$2a$08$NQCX1Yy7PsSrrsfimqXDpuR3GVbUT/gRak4sfU8KNhPcMe4q89O.a", 
    "contact_number" : null, 
    "user_type" : NumberInt(1), 
    "status" : NumberInt(1), 
    "created_date" : ISODate("2018-03-09T04:47:58.000+0000"), 
    "updated_date" : ISODate("2018-03-09T04:47:58.000+0000"), 
    "active_hash" : "$2a$10$ktKVC62U4vuZxuOZ6djw2.IjLA1uxsCdjkrI/YjP3j3C53Deb.qKa", 
    "forgot_hash" : "", 
    "__v" : NumberInt(1), 
    "postcode" : "1", 
    "forgot_hash_date" : "", 
    "address1" : "a", 
    "address2" : "a", 
    "city" : "a", 
    "country" : "a", 
    "business_name" : "", 
    "area" : "", 
    "auto_renew" : NumberInt(1), 
    "badges" : [

    ], 
    "business_address1" : "", 
    "business_address2" : "", 
    "business_contact_number" : "", 
    "business_status" : NumberInt(0), 
    "dob" : "", 
    "ethnicity" : "", 
    "gender" : "", 
    "is_professional_badge" : NumberInt(1), 
    "membership" : [

    ], 
    "point_balance" : NumberInt(0), 
    "profile_photo" : "", 
    "property" : [

    ], 
    "referral_id" : NumberInt(0), 
    "referral_link" : "", 
    "tag_line" : "", 
    "token_balance" : NumberInt(0), 
    "transaction" : [

    ]
}
{ 
    "_id" : ObjectId("5aa37d893514ec1ed86ba867"), 
    "id" : NumberInt(2), 
    "first_name" : "Testing", 
    "last_name" : "Testing", 
    "mail" : "akash.patel@innvonix.com", 
    "password" : "$2a$08$O.7wuI6PE4u5XWTqRT9ah.luQmO8t18DkCG7B1wcEm2BNehxwwG7K", 
    "contact_number" : 564565465400.0, 
    "user_type" : NumberInt(3), 
    "status" : NumberInt(2), 
    "created_date" : ISODate("2018-03-10T06:39:05.000+0000"), 
    "updated_date" : ISODate("2018-03-10T06:39:05.000+0000"), 
    "active_hash" : "$2a$10$L2E/G1KNAkzIQbFlI1kqq.PHlcV1I7uWFxt271sUo/NSMDdIWc1Bi", 
    "forgot_hash" : "", 
    "__v" : NumberInt(1), 
    "forgot_hash_date" : "", 
    "address1" : "546 ahemdabad", 
    "address2" : "ghgfh, ahemdabad", 
    "city" : "ahemdabad", 
    "country" : "uk", 
    "postcode" : "38AB2", 
    "business_name" : "Business LLP", 
    "area" : "", 
    "auto_renew" : NumberInt(1), 
    "badges" : [

    ], 
    "business_address1" : "", 
    "business_address2" : "", 
    "business_contact_number" : "", 
    "business_status" : NumberInt(0), 
    "dob" : "", 
    "ethnicity" : "", 
    "gender" : "", 
    "is_professional_badge" : NumberInt(0), 
    "point_balance" : NumberInt(0), 
    "profile_photo" : "", 
    "property" : [

    ], 
    "referral_id" : NumberInt(0), 
    "referral_link" : "", 
    "reviews" : [

    ], 
    "stripe_card_id" : "", 
    "stripe_customer" : "", 
    "tag_line" : "", 
    "token_balance" : NumberInt(0), 
    "transaction" : [

    ]
}
{ 
    "_id" : ObjectId("5aa669d4ff9d41536eca8f06"), 
    "id" : NumberInt(5), 
    "first_name" : "pratik", 
    "last_name" : "patel", 
    "mail" : "pratik.patel@innvonix.com", 
    "password" : "$2a$08$NQCX1Yy7PsSrrsfimqXDpuR3GVbUT/gRak4sfU8KNhPcMe4q89O.a", 
    "contact_number" : 9898989898.0, 
    "user_type" : NumberInt(2), 
    "status" : NumberInt(2), 
    "address1" : "mehsanaa", 
    "address2" : "mehsanaa", 
    "city" : "mehsanaa", 
    "country" : "indiaa", 
    "postcode" : "", 
    "ip_address" : "::ffff:192.168.137.130", 
    "created_date" : "2018-02-12 17:21:48", 
    "updated_date" : "2018-02-12 17:21:48", 
    "active_hash" : "$2a$10$BeTNM8FDuvL364OEAjCrLOdx06dlzDEKSB6ukCupGKb71Ni3xi7zO", 
    "__v" : NumberInt(1), 
    "forgot_hash" : "$2a$10$iaccgc.3DdUFhtHWmuVgkecjel3qSHBRDhVDJ35l8V8CkpMjIckv2", 
    "forgot_hash_date" : "2018-03-16 15:21:58", 
    "area" : "", 
    "auto_renew" : NumberInt(1), 
    "badges" : [

    ], 
    "business_address1" : "", 
    "business_address2" : "", 
    "business_contact_number" : "", 
    "business_name" : "", 
    "business_status" : NumberInt(0), 
    "dob" : "", 
    "ethnicity" : "", 
    "gender" : "", 
    "is_professional_badge" : NumberInt(0), 
    "membership" : [

    ], 
    "point_balance" : NumberInt(0), 
    "profile_photo" : "", 
    "property" : [

    ], 
    "referral_id" : NumberInt(0), 
    "referral_link" : "", 
    "tag_line" : "", 
    "token_balance" : NumberInt(0), 
    "transaction" : [

    ]
}
{ 
    "_id" : ObjectId("5aa67696d6830744076922b0"), 
    "id" : NumberInt(6), 
    "first_name" : "Rohan", 
    "last_name" : "Shah", 
    "mail" : "rohan@gmail.com", 
    "password" : "$2a$08$tIeQIFRlb9g3XcOiEyqm4er1bgbuUe54GQsN3pcbMngMted//u.jW", 
    "contact_number" : 9638527410.0, 
    "user_type" : NumberInt(1), 
    "status" : NumberInt(2), 
    "address1" : "", 
    "address2" : "", 
    "city" : "", 
    "country" : "", 
    "postcode" : "", 
    "created_date" : "2018-03-12 18:16:14", 
    "updated_date" : "2018-03-12 18:16:14", 
    "active_hash" : "$2a$10$b5cve4cjGE6VefmarPO.1eKPakfjjc.NC8pQxTlrwIDAMn.Kxf8HG", 
    "__v" : NumberInt(0), 
    "forgot_hash" : "", 
    "forgot_hash_date" : ""
}
{ 
    "_id" : ObjectId("5aa677afd6830744076922b1"), 
    "id" : NumberInt(7), 
    "first_name" : "Deepthi", 
    "last_name" : "Deepthi", 
    "mail" : "deepthi_12@yahoo.com", 
    "password" : "$2a$08$Pn32e2lyzTvXaqGDWkMTvewQl5KmXDRAPCsBNaPZ7.hDu2tqxlYvC", 
    "contact_number" : 9876543210.0, 
    "user_type" : NumberInt(1), 
    "status" : NumberInt(3), 
    "address1" : "", 
    "address2" : "", 
    "city" : "", 
    "country" : "", 
    "postcode" : "", 
    "created_date" : "2018-03-12 18:20:55", 
    "updated_date" : "2018-03-12 18:20:55", 
    "active_hash" : "$2a$10$uDhsaORE16qOI7Lw2vllIOvpaIo4KDDnG686z0PRiXAHqAXzjB6se", 
    "__v" : NumberInt(0), 
    "forgot_hash" : "", 
    "forgot_hash_date" : ""
}
{ 
    "_id" : ObjectId("5aa6781dd6830744076922b2"), 
    "id" : NumberInt(8), 
    "first_name" : "test", 
    "last_name" : "test", 
    "mail" : "rohan.@yahoo.co.in", 
    "password" : "$2a$08$8xUpBqMO3HtDQdeIEXR7g.1V1eJrKquSO/UOCA3NYCxycL4CYrvPq", 
    "contact_number" : 9786856855.0, 
    "user_type" : NumberInt(1), 
    "status" : NumberInt(0), 
    "address1" : "", 
    "address2" : "", 
    "city" : "", 
    "country" : "", 
    "postcode" : "", 
    "created_date" : "2018-03-12 18:22:45", 
    "updated_date" : "2018-03-12 18:22:45", 
    "active_hash" : "$2a$10$pSeDHlOxzxbEcE16Xww6L.9MPh/c6EfTgOGM8PNB9Ynv/uoJ4/RUy", 
    "__v" : NumberInt(0), 
    "forgot_hash" : "", 
    "forgot_hash_date" : ""
}
{ 
    "_id" : ObjectId("5aa67893d6830744076922b3"), 
    "id" : NumberInt(9), 
    "first_name" : "Priya", 
    "last_name" : "Shah", 
    "mail" : "Priya@innvonix.com", 
    "password" : "$2a$08$N/9o2ngFIdBJ3lrn2.M0Fuuagq0wmFT/RJtQ0yTo9ymwrt/wrltHG", 
    "contact_number" : 9876543210.0, 
    "user_type" : NumberInt(1), 
    "status" : NumberInt(1), 
    "address1" : "", 
    "address2" : "", 
    "city" : "", 
    "country" : "", 
    "postcode" : "", 
    "created_date" : "2018-03-12 18:24:43", 
    "updated_date" : "2018-03-12 18:24:43", 
    "active_hash" : "$2a$10$w6bdTMCKbxupE4DXjR/X7.23ymM4Hs0Rcil0jzzRLy5PROZ2jUx1C", 
    "forgot_hash" : "", 
    "__v" : NumberInt(0), 
    "forgot_hash_date" : ""
}
{ 
    "_id" : ObjectId("5aa67a5ed6830744076922b4"), 
    "id" : NumberInt(10), 
    "first_name" : "Suhani", 
    "last_name" : "Shalin", 
    "mail" : "test@innonix.com", 
    "password" : "$2a$08$TCFns4PVg0Kjzfx6EJWcQ.6MBG6s4ySyf7g/NS5ojfCsq6I11f2Li", 
    "contact_number" : 9786856855.0, 
    "user_type" : NumberInt(1), 
    "status" : NumberInt(0), 
    "address1" : "", 
    "address2" : "", 
    "city" : "", 
    "country" : "", 
    "postcode" : "", 
    "created_date" : "2018-03-12 18:32:22", 
    "updated_date" : "2018-03-12 18:32:22", 
    "active_hash" : "$2a$10$nd/dF24vSBysjL8wYGtcpuRUpR78jPshHJHpO1u5/ebse5kF9QFSC", 
    "__v" : NumberInt(0), 
    "forgot_hash" : "", 
    "forgot_hash_date" : ""
}
{ 
    "_id" : ObjectId("5aa67c84d6830744076922b5"), 
    "id" : NumberInt(11), 
    "first_name" : "Dipali", 
    "last_name" : "Chudasama", 
    "mail" : "dipali.chudasama@innvonix.com", 
    "password" : "$2a$08$r5hnz8WIoVNfljzPfvh3zeRx08whfXeU63ZHLkrR57/jBn.gZKviG", 
    "contact_number" : 8945632107.0, 
    "user_type" : NumberInt(1), 
    "status" : NumberInt(1), 
    "address1" : "", 
    "address2" : "", 
    "city" : "", 
    "country" : "", 
    "postcode" : "", 
    "created_date" : "2018-03-12 18:41:32", 
    "updated_date" : "2018-03-12 18:41:32", 
    "active_hash" : "$2a$10$40upGJ/0wjCqxmjbUQx9/.V3.WA.VWiVeMoyHSGkL6.CZFcZXUTlW", 
    "__v" : NumberInt(0), 
    "forgot_hash" : "", 
    "forgot_hash_date" : ""
}
{ 
    "_id" : ObjectId("5aa681a9d6830744076922b7"), 
    "id" : NumberInt(12), 
    "first_name" : "Shreya", 
    "last_name" : "Patel", 
    "mail" : "dipali.samcom@gmail.com", 
    "password" : "$2a$08$XyDScb.9ulbLqM1iazToDepSb95eCK644namQDlbliXoOVmjsFkcS", 
    "contact_number" : 9876543210.0, 
    "user_type" : NumberInt(1), 
    "status" : NumberInt(0), 
    "address1" : "", 
    "address2" : "", 
    "city" : "", 
    "country" : "", 
    "postcode" : "", 
    "created_date" : "2018-03-12 19:03:29", 
    "updated_date" : "2018-03-12 19:03:29", 
    "active_hash" : "$2a$10$bw3owxRvMLwpvbuwhIholeOH9Or2L0BMtzTH1krcgZYJGZ6gU2c3.", 
    "__v" : NumberInt(0), 
    "forgot_hash" : "", 
    "forgot_hash_date" : ""
}
{ 
    "_id" : ObjectId("5aa682ded6830744076922b9"), 
    "id" : NumberInt(13), 
    "first_name" : "Aora", 
    "last_name" : "Dutch", 
    "mail" : "aora@gmail.com", 
    "password" : "$2a$08$8F.HBPRggy.NqeUhsSIjzeOC0Dcx.Cnzops/ZZC2Nnb8C9/vUdaCG", 
    "contact_number" : 6546546456.0, 
    "user_type" : NumberInt(1), 
    "status" : NumberInt(0), 
    "address1" : "", 
    "address2" : "", 
    "city" : "", 
    "country" : "", 
    "postcode" : "", 
    "created_date" : "2018-03-12 19:08:38", 
    "updated_date" : "2018-03-12 19:08:38", 
    "active_hash" : "$2a$10$KnAAYkfTzFeER0Zx1t5NHe3g83F26Gz.AXX6kAF3OeZ.Yfx9gQ69S", 
    "__v" : NumberInt(0), 
    "forgot_hash" : "", 
    "forgot_hash_date" : ""
}
{ 
    "_id" : ObjectId("5ab36c12c6c01f2cef0d286e"), 
    "id" : NumberInt(14), 
    "first_name" : "User", 
    "last_name" : "Revstance", 
    "mail" : "user.revstance@yopmail.com", 
    "password" : "$2a$08$3TK0I4D81.BDUzc8gZtnw.P9EwyJ5jel1eJXfdt0JsslUXzpk9e7i", 
    "contact_number" : null, 
    "user_type" : NumberInt(1), 
    "status" : NumberInt(0), 
    "address1" : "", 
    "address2" : "", 
    "city" : "", 
    "country" : "", 
    "postcode" : "", 
    "business_name" : "", 
    "ip_address" : "::ffff:192.168.137.121", 
    "created_date" : "2018-03-22 14:10:50", 
    "updated_date" : "2018-03-22 14:10:50", 
    "active_hash" : "$2a$10$9obJg.XCk9VZvD6p377T/ueTyoqUB9IjgF8coojGfFsfDzWsalyRi", 
    "__v" : NumberInt(0)
}
{ 
    "_id" : ObjectId("5ab36fbfc6c01f2cef0d286f"), 
    "id" : NumberInt(15), 
    "first_name" : "Innvonix", 
    "last_name" : "Innvonix", 
    "mail" : "innvonix@yopmail.com", 
    "password" : "$2a$08$kNRtI86klGYf1g3T5xLxAOMafeA1IzKZz7ab9RBpj7.ImNg0xeuu6", 
    "contact_number" : 8765432106.0, 
    "user_type" : NumberInt(2), 
    "status" : NumberInt(2), 
    "address1" : "F/304, Near Nehru Circle  F/304, Near Nehru Circle ", 
    "address2" : "Ahmedabad", 
    "city" : "Ahmedabad        ", 
    "country" : "India", 
    "postcode" : "", 
    "business_name" : "Innvonix Technologies LLP", 
    "ip_address" : "::ffff:192.168.137.121", 
    "created_date" : "2018-03-22 14:26:31", 
    "updated_date" : "2018-03-22 14:26:31", 
    "active_hash" : "$2a$10$s7Vvf.ZK2Ty7YCVXblIrDOrQhK4lZ.BctO9x9Ov1OE33f2ohgpPgW", 
    "__v" : NumberInt(0)
}
{ 
    "_id" : ObjectId("5b813a7943530e30c944f4b0"), 
    "id" : NumberInt(16), 
    "dob" : "", 
    "gender" : "", 
    "profile_photo" : "", 
    "ethnicity" : "", 
    "contact_number" : "", 
    "address1" : "", 
    "address2" : "", 
    "area" : "", 
    "city" : "", 
    "country" : "", 
    "postcode" : "", 
    "business_name" : "", 
    "tag_line" : "", 
    "token_balance" : NumberInt(100), 
    "point_balance" : NumberInt(0), 
    "badges" : [

    ], 
    "transaction" : [

    ], 
    "property" : [

    ], 
    "reviews" : [

    ], 
    "auto_renew" : NumberInt(1), 
    "referral_id" : NumberInt(0), 
    "referral_link" : "", 
    "business_address1" : "", 
    "business_address2" : "", 
    "business_contact_number" : "", 
    "business_status" : NumberInt(0), 
    "stripe_customer" : "", 
    "stripe_card_id" : "", 
    "is_professional_badge" : NumberInt(0), 
    "first_name" : "Front", 
    "last_name" : "User", 
    "mail" : "frontuser@mailinator.com", 
    "password" : "$2a$08$igFv9yJWAiymWoNMLrpEXOjSRb1LBO8wMbjpcMEh7OtQdK0h94Eqa", 
    "user_type" : NumberInt(1), 
    "status" : NumberInt(1), 
    "membership" : ObjectId("5b81435447729d0ac54800b9"), 
    "ip_address" : "::ffff:127.0.0.1", 
    "is_influencer" : NumberInt(0), 
    "wallet_id" : "bd3091", 
    "created_date" : "2018-08-25 16:46:09", 
    "updated_date" : "2018-08-25 16:46:09", 
    "active_hash" : "$2a$10$TgPrX5uglh5fhT7Nrdv9Ru/NuIeqAEuk4ow9NkfXobhovG5UCcC0C", 
    "__v" : NumberInt(0)
}
