{ 
    "_id" : ObjectId("5b8780b54d45a013da74c315"), 
    "id" : NumberInt(1), 
    "badge_title" : "AutoBiographer", 
    "badge_description" : "User Completed his Profile", 
    "created_date" : "2018-08-30 12:00:00", 
    "updated_date" : "2018-08-30 12:00:00"
}
{ 
    "_id" : ObjectId("5b8780b54d45a013da74c316"), 
    "id" : NumberInt(2), 
    "badge_title" : "ActiveReviewer", 
    "badge_description" : "10 Reviews Posted By User", 
    "created_date" : "2018-08-30 12:00:00", 
    "updated_date" : "2018-08-30 12:00:00"
}
{ 
    "_id" : ObjectId("5b8780b54d45a013da74c317"), 
    "id" : NumberInt(3), 
    "badge_title" : "ReviewContributor", 
    "badge_description" : "50 Reviews Posted By User", 
    "created_date" : "2018-08-30 12:00:00", 
    "updated_date" : "2018-08-30 12:00:00"
}
{ 
    "_id" : ObjectId("5b8780b54d45a013da74c31a"), 
    "id" : NumberInt(4), 
    "badge_title" : "ActiveUpvotedMember", 
    "badge_description" : "50 Upvotes Received", 
    "created_date" : "2018-08-30 12:00:00", 
    "updated_date" : "2018-08-30 12:00:00"
}
{ 
    "_id" : ObjectId("5b8780b54d45a013da74c31b"), 
    "id" : NumberInt(5), 
    "badge_title" : "QualityUpvotedMember", 
    "badge_description" : "100 Upvotes Received", 
    "created_date" : "2018-08-30 12:00:00", 
    "updated_date" : "2018-08-30 12:00:00"
}
{ 
    "_id" : ObjectId("5b8780b54d45a013da74c31c"), 
    "id" : NumberInt(6), 
    "badge_title" : "Upvoter", 
    "badge_description" : "50 Upvotes Given", 
    "created_date" : "2018-08-30 12:00:00", 
    "updated_date" : "2018-08-30 12:00:00"
}
{ 
    "_id" : ObjectId("5b8780b54d45a013da74c31d"), 
    "id" : NumberInt(7), 
    "badge_title" : "ActiveUpvoter", 
    "badge_description" : "100 Upvotes Given", 
    "created_date" : "2018-08-30 12:00:00", 
    "updated_date" : "2018-08-30 12:00:00"
}
{ 
    "_id" : ObjectId("5b8780b54d45a013da74c31e"), 
    "id" : NumberInt(8), 
    "badge_title" : "CertifiedBuyer", 
    "badge_description" : "Certified Buyer", 
    "created_date" : "2018-08-30 12:00:00", 
    "updated_date" : "2018-08-30 12:00:00"
}
{ 
    "_id" : ObjectId("5b8780b54d45a013da74c31f"), 
    "id" : NumberInt(9), 
    "badge_title" : "ReviewedRevstanceUser", 
    "badge_description" : "Reviewed In All Categories", 
    "created_date" : "2018-08-30 12:00:00", 
    "updated_date" : "2018-08-30 12:00:00"
}
