{ 
    "_id" : ObjectId("5a9f807147729d09f37133d5"), 
    "id" : NumberInt(1), 
    "category_name" : "Club Rooms", 
    "status" : NumberInt(1), 
    "created_date" : ISODate("2018-03-06T07:28:06.000+0000"), 
    "updated_date" : ISODate("2018-03-06T07:28:06.000+0000"), 
    "user" : ObjectId("5b84daa2e5f93a1a8e2503e1")
}
{ 
    "_id" : ObjectId("5aa64792186dd913c89e45d5"), 
    "category_name" : "Villas", 
    "status" : NumberInt(1), 
    "created_date" : ISODate("2018-03-12T09:25:38.000+0000"), 
    "updated_date" : ISODate("2018-03-12T09:25:38.000+0000"), 
    "id" : NumberInt(2), 
    "__v" : NumberInt(0), 
    "user" : ObjectId("5b84daa2e5f93a1a8e2503e1")
}
{ 
    "_id" : ObjectId("5aae815fbdce966a811940ba"), 
    "category_name" : "Restaurants", 
    "status" : NumberInt(1), 
    "created_date" : "2018-02-18 15:10:23", 
    "updated_date" : "2018-02-18 15:10:23", 
    "id" : NumberInt(7), 
    "__v" : NumberInt(0), 
    "user" : ObjectId("5b84daa2e5f93a1a8e2503e1")
}
{ 
    "_id" : ObjectId("5ab2726bbdce966a811940bb"), 
    "category_name" : "Conference Room", 
    "status" : NumberInt(1), 
    "created_date" : "2018-02-21 14:55:39", 
    "updated_date" : "2018-02-21 14:55:39", 
    "id" : NumberInt(6), 
    "__v" : NumberInt(0), 
    "user" : ObjectId("5b84daa2e5f93a1a8e2503e1")
}
{ 
    "_id" : ObjectId("5ab33d204e7e860bc66b7717"), 
    "category_name" : "Meeting", 
    "status" : NumberInt(1), 
    "created_date" : "2018-02-22 05:20:32", 
    "updated_date" : "2018-02-22 05:20:32", 
    "id" : NumberInt(5), 
    "__v" : NumberInt(0), 
    "user" : ObjectId("5b84daa2e5f93a1a8e2503e1")
}
{ 
    "_id" : ObjectId("5b84d9d9e5f93a1a8e2503e0"), 
    "property" : [

    ], 
    "category_name" : "gym", 
    "status" : NumberInt(0), 
    "created_date" : "2018-07-28 10:42:57", 
    "user" : ObjectId("5b84daa2e5f93a1a8e2503e1"), 
    "updated_date" : "2018-07-28 10:42:57", 
    "id" : NumberInt(8), 
    "__v" : NumberInt(0)
}
{ 
    "_id" : ObjectId("5b8675f4bce0d63966157d77"), 
    "property" : [

    ], 
    "category_name" : "front end category", 
    "status" : NumberInt(0), 
    "created_date" : "2018-07-29 16:01:16", 
    "user" : ObjectId("5b854df55963425e518399aa"), 
    "updated_date" : "2018-07-29 16:01:16", 
    "id" : NumberInt(9), 
    "__v" : NumberInt(0)
}
{ 
    "_id" : ObjectId("5b8699a8d276784c5c393ecf"), 
    "property" : [

    ], 
    "category_name" : "testing", 
    "status" : NumberInt(1), 
    "created_date" : "2018-07-29 18:33:36", 
    "user" : ObjectId("5b854df55963425e518399aa"), 
    "updated_date" : "2018-07-29 18:33:36", 
    "id" : NumberInt(10), 
    "__v" : NumberInt(0)
}
{ 
    "_id" : ObjectId("5b9114bb99783e6420359c66"), 
    "property" : [

    ], 
    "category_name" : "another cate", 
    "status" : NumberInt(0), 
    "created_date" : "2018-08-06 17:21:23", 
    "user" : ObjectId("5b854df55963425e518399aa"), 
    "updated_date" : "2018-08-06 17:21:23", 
    "id" : NumberInt(11), 
    "__v" : NumberInt(0)
}
{ 
    "_id" : ObjectId("5b9115d3539c0464a7e78c4c"), 
    "property" : [

    ], 
    "category_name" : "asdsad", 
    "status" : NumberInt(0), 
    "created_date" : "2018-08-06 17:26:03", 
    "user" : ObjectId("5b854df55963425e518399aa"), 
    "updated_date" : "2018-08-06 17:26:03", 
    "id" : NumberInt(12), 
    "__v" : NumberInt(0)
}
{ 
    "_id" : ObjectId("5b911607539c0464a7e78c4d"), 
    "property" : [

    ], 
    "category_name" : "one", 
    "status" : NumberInt(0), 
    "created_date" : "2018-08-06 17:26:55", 
    "user" : ObjectId("5b854df55963425e518399aa"), 
    "updated_date" : "2018-08-06 17:26:55", 
    "id" : NumberInt(13), 
    "__v" : NumberInt(0)
}
{ 
    "_id" : ObjectId("5b911798368a1265c340e9ec"), 
    "property" : [

    ], 
    "category_name" : "two", 
    "status" : NumberInt(0), 
    "created_date" : "2018-08-06 17:33:36", 
    "user" : ObjectId("5b854df55963425e518399aa"), 
    "updated_date" : "2018-08-06 17:33:36", 
    "id" : NumberInt(14), 
    "__v" : NumberInt(0)
}
{ 
    "_id" : ObjectId("5b9117d1045a1465fbcabe85"), 
    "property" : [

    ], 
    "category_name" : "club", 
    "status" : NumberInt(0), 
    "created_date" : "2018-08-06 17:34:33", 
    "user" : ObjectId("5b854df55963425e518399aa"), 
    "updated_date" : "2018-08-06 17:34:33", 
    "id" : NumberInt(15), 
    "__v" : NumberInt(0)
}
{ 
    "_id" : ObjectId("5b921d3624c7aa1a9553cda1"), 
    "property" : [

    ], 
    "category_name" : "test", 
    "status" : NumberInt(1), 
    "created_date" : "2018-08-07 12:09:50", 
    "user" : ObjectId("5b854df55963425e518399aa"), 
    "updated_date" : "2018-08-07 12:09:50", 
    "id" : NumberInt(16), 
    "__v" : NumberInt(0)
}
