{ 
    "_id" : ObjectId("5b6ebad8392ed32ece17a35b"), 
    "id" : NumberInt(1), 
    "email_name" : "Forgot Password", 
    "email_subject" : "Revstance - Forgot Password", 
    "email_message" : "<h2 style=\"font-style:normal\">OOPS!</h2>\r\n\r\n<h3>Looks like you&rsquo;ve forgotten your password!</h3>\r\n\r\n<p>Please click on the link below to reset. The link expires after 2 hours and is for one time use only!</p>\r\n\r\n<p><a href=\"{password_reset_link}\">Reset Your Password</a></p>\r\n\r\n<p>Thanks, have a lovely day!<br />\r\n<a href=\"{host_url}\">The Revstance Team</a></p>\r\n", 
    "created_date" : "8/11/2018, 11:30:48 AM", 
    "updated_date" : "8/13/2018, 9:33:51 AM", 
    "email_type" : "1", 
    "__v" : NumberInt(0), 
    "email_keys" : "{password_reset_link} , {host_url}"
}
{ 
    "_id" : ObjectId("5b6ecbed35ab9636333c2f63"), 
    "id" : NumberInt(2), 
    "email_name" : "Normal User - Account Activation Mail", 
    "email_subject" : "Revstance - Activate Your Account", 
    "email_message" : "<p>Hi {user_name},</p>\r\n\r\n<h2 style=\"font-style:normal\">Welcome to Revstance! We&rsquo;re excited to have you as part of our community!</h2>\r\n\r\n<h3>Please click on the link below to activate your account and get started on your journey towards reviewing the world around you!</h3>\r\n\r\n<p><a href=\"{password_activation_link}\">Verify Your Account</a></p>\r\n\r\n<p>Thanks, have a lovely day!<br />\r\n<a href=\"{host_url}\">The Revstance Team</a></p>\r\n", 
    "created_date" : "8/11/2018, 12:43:41 PM", 
    "updated_date" : "8/13/2018, 9:52:49 AM", 
    "email_type" : "2", 
    "__v" : NumberInt(0), 
    "email_keys" : "{password_activation_link}, {host_url}, {user_name}"
}
{ 
    "_id" : ObjectId("5b71481f3d27da3214138902"), 
    "id" : NumberInt(3), 
    "email_name" : "Business User - Account Activation Mail", 
    "email_keys" : "{password_activation_link}, {host_url}, {user_name}", 
    "email_subject" : "Revstance - Activate Your Account", 
    "email_message" : "<p>Hi {user_name},</p>\r\n\r\n<h2 style=\"font-style:normal\">Welcome to Revstance! We&rsquo;re excited to have you as part of our community!</h2>\r\n\r\n<h3>Please click on the link below to activate your account and get started on your journey towards receiving the amazing feedback you deserve!</h3>\r\n\r\n<p><a href=\"{password_activation_link}\">Verify Your Account</a></p>\r\n\r\n<p>Thanks, have a lovely day!<br />\r\n<a href=\"{host_url}\">The Revstance Team</a></p>\r\n", 
    "created_date" : "8/13/2018, 9:58:07 AM", 
    "updated_date" : "8/13/2018, 10:00:44 AM", 
    "email_type" : "3", 
    "__v" : NumberInt(0)
}
{ 
    "_id" : ObjectId("5b714a92dc80e8330ce13b50"), 
    "id" : NumberInt(4), 
    "email_name" : "Contact Us - Response Mail to User Side", 
    "email_keys" : "{host_url}, {user_name}", 
    "email_subject" : "Revstance - Contact Reply", 
    "email_message" : "<p>Hi {user_name},</p>\r\n\r\n<h2>Welcome to Revstance</h2>\r\n\r\n<p>Thanks for your response!</p>\r\n\r\n<p>We appreciate that you took the time to write us. Your message has been sent to the admin.</p>\r\n\r\n<p>Thanks, have a lovely day.</p>\r\n\r\n<p><a href=\"{host_url}\">Revstance Team</a></p>\r\n", 
    "created_date" : "8/13/2018, 10:08:34 AM", 
    "updated_date" : "8/13/2018, 2:21:09 PM", 
    "email_type" : "4", 
    "__v" : NumberInt(0)
}
{ 
    "_id" : ObjectId("5b7190c847895f3faf1e0bfd"), 
    "id" : NumberInt(5), 
    "email_name" : "Contact Us - Request Mail to Admin Side", 
    "email_keys" : "", 
    "email_subject" : "Message for Revstance", 
    "email_message" : "<p>Test</p>\r\n", 
    "created_date" : "8/13/2018, 3:08:08 PM", 
    "updated_date" : "8/20/2018, 12:07:58 PM", 
    "email_type" : "5", 
    "__v" : NumberInt(0)
}
{ 
    "_id" : ObjectId("5b8390d587edc70f83a1e83e"), 
    "id" : NumberInt(9), 
    "email_name" : "Category Accept Mail to User", 
    "email_keys" : "{user_name}", 
    "email_subject" : "Revstance - New Category request accepted", 
    "email_message" : "<p>Hi {user_name},</p>\r\n\r\n<h2>Welcome to Revstance</h2>\r\n\r\n<p>Thanks for your response!</p>\r\n\r\n<p>We appreciate that you took the time to&nbsp; us. Your Category request&nbsp;&nbsp;approved by admin.</p>\r\n\r\n<p>now you can add locations to that property</p>\r\n", 
    "created_date" : "8/27/2018, 6:49:09 AM", 
    "updated_date" : "8/27/2018, 6:53:31 AM", 
    "email_type" : "6", 
    "__v" : NumberInt(0)
}
{ 
    "_id" : ObjectId("5b8799d982e10f55a0cc5f8c"), 
    "id" : NumberInt(11), 
    "email_name" : "Revstance | Buy Token", 
    "email_keys" : "buy_token_stripe", 
    "email_subject" : "Revstance - Buy token - Invoice", 
    "email_message" : "<p>Hi {user_name},</p>\r\n\r\n<p>Here is the invoice of your purchase with revstance.</p>\r\n\r\n<table border=\"1\" cellpadding=\"1\" cellspacing=\"1\" style=\"width:500px\">\r\n\t<tbody>\r\n\t\t<tr>\r\n\t\t\t<td>Purchase Token amount</td>\r\n\t\t\t<td>{token_amount}</td>\r\n\t\t</tr>\r\n\t\t<tr>\r\n\t\t\t<td>Purchase Date&amp;Time</td>\r\n\t\t\t<td>{purchase_date_time}</td>\r\n\t\t</tr>\r\n\t\t<tr>\r\n\t\t\t<td>Payment Amount</td>\r\n\t\t\t<td>{paid_amount}</td>\r\n\t\t</tr>\r\n\t</tbody>\r\n</table>\r\n\r\n<p>Thanks to be a active business member of revstance review platform.</p>\r\n", 
    "created_date" : "8/30/2018, 8:16:41 AM", 
    "updated_date" : "8/31/2018, 7:15:25 AM", 
    "email_type" : "11", 
    "__v" : NumberInt(0)
}
{ 
    "_id" : ObjectId("5b88c9be4d45a03c09304be0"), 
    "id" : NumberInt(12), 
    "email_name" : "Revstance | Buy Featured Membership", 
    "email_keys" : "buy_featured_membership", 
    "email_subject" : "Revstance - Buy Featured Membership - Invoice", 
    "email_message" : "<p>Hi {user_name},</p>\r\n\r\n<p>Here is the invoice of your purchase of featured membership for your location with revstance.</p>\r\n\r\n<table border=\"1\" cellpadding=\"1\" cellspacing=\"1\" style=\"width:500px\">\r\n\t<tbody>\r\n\t\t<tr>\r\n\t\t\t<td>Location Name</td>\r\n\t\t\t<td>{location_title}</td>\r\n\t\t</tr>\r\n\t\t<tr>\r\n\t\t\t<td>Purchase Date &amp; Time</td>\r\n\t\t\t<td>{purchase_date_time}</td>\r\n\t\t</tr>\r\n\t\t<tr>\r\n\t\t\t<td>Payment Amount</td>\r\n\t\t\t<td>{paid_amount}</td>\r\n\t\t</tr>\r\n\t</tbody>\r\n</table>\r\n\r\n<p>Thanks to be a active business member of revstance review platform.</p>\r\n", 
    "created_date" : "8/30/2018, 8:16:41 AM", 
    "updated_date" : "8/31/2018, 7:11:28 AM", 
    "email_type" : "12", 
    "__v" : NumberInt(0)
}
