{ 
    "_id" : ObjectId("5b83e2704d45a01b86bc82d8"), 
    "id" : NumberInt(1), 
    "follower_user" : ObjectId("5aa270cb57b4f820d495ee17"), 
    "following_user" : ObjectId("5aa61806769e71326ccfe8f7"), 
    "property" : "", 
    "property_id" : "", 
    "type" : NumberInt(1), 
    "status" : NumberInt(1), 
    "created_date" : "2018-08-27 12:12:12", 
    "updated_date" : "2018-08-27 12:12:12"
}
{ 
    "_id" : ObjectId("5b867452c8f43346d5857fe1"), 
    "id" : NumberInt(12), 
    "follower_user" : ObjectId("5b86266d5402fb19afa8a016"), 
    "following_user" : ObjectId("5b854df55963425e518399aa"), 
    "type" : NumberInt(1), 
    "status" : NumberInt(1), 
    "created_date" : "8/29/2018, 11:24:18 AM", 
    "updated_date" : "8/29/2018, 11:24:18 AM", 
    "__v" : NumberInt(0)
}
{ 
    "_id" : ObjectId("5b868d86a450585c54906ccd"), 
    "id" : NumberInt(24), 
    "follower_user" : ObjectId("5b86266d5402fb19afa8a016"), 
    "following_user" : ObjectId("5b84d3b386e5b214b2b553f5"), 
    "type" : NumberInt(1), 
    "status" : NumberInt(1), 
    "created_date" : "8/29/2018, 1:11:50 PM", 
    "updated_date" : "8/29/2018, 1:11:50 PM", 
    "__v" : NumberInt(0)
}
{ 
    "_id" : ObjectId("5b877da45184851c356eea3f"), 
    "id" : NumberInt(36), 
    "follower_user" : ObjectId("5b84d3b386e5b214b2b553f5"), 
    "following_user" : ObjectId("5b86a1d24dccb952a785156d"), 
    "type" : NumberInt(1), 
    "status" : NumberInt(1), 
    "created_date" : "8/30/2018, 6:16:20 AM", 
    "updated_date" : "8/30/2018, 6:16:20 AM", 
    "__v" : NumberInt(0)
}
{ 
    "_id" : ObjectId("5b879ca23add6d31c9873b8e"), 
    "id" : NumberInt(37), 
    "follower_user" : ObjectId("5b86266d5402fb19afa8a016"), 
    "following_user" : ObjectId("5b8525b179a61b534c7c9db2"), 
    "type" : NumberInt(1), 
    "status" : NumberInt(1), 
    "created_date" : "8/30/2018, 8:28:34 AM", 
    "updated_date" : "8/30/2018, 8:28:34 AM", 
    "__v" : NumberInt(0)
}
{ 
    "_id" : ObjectId("5b87baeb4b81fc40ae7b0115"), 
    "id" : NumberInt(38), 
    "follower_user" : ObjectId("5b84d3b386e5b214b2b553f5"), 
    "following_user" : ObjectId("5b8525b179a61b534c7c9db2"), 
    "type" : NumberInt(1), 
    "status" : NumberInt(1), 
    "created_date" : "8/30/2018, 10:37:47 AM", 
    "updated_date" : "8/30/2018, 10:37:47 AM", 
    "__v" : NumberInt(0)
}
{ 
    "_id" : ObjectId("5b87bb544b81fc40ae7b0117"), 
    "id" : NumberInt(39), 
    "follower_user" : ObjectId("5b8525b179a61b534c7c9db2"), 
    "following_user" : ObjectId("5b84d3b386e5b214b2b553f5"), 
    "type" : NumberInt(1), 
    "status" : NumberInt(1), 
    "created_date" : "8/30/2018, 10:39:32 AM", 
    "updated_date" : "8/30/2018, 10:39:32 AM", 
    "__v" : NumberInt(0)
}
{ 
    "_id" : ObjectId("5b87ca44a1f58550b08975d1"), 
    "id" : NumberInt(40), 
    "property" : ObjectId("5b84d50486e5b214b2b553f6"), 
    "property_id" : NumberInt(2503), 
    "type" : NumberInt(2), 
    "status" : NumberInt(1), 
    "created_date" : "8/30/2018, 11:43:16 AM", 
    "updated_date" : "8/30/2018, 11:43:16 AM", 
    "__v" : NumberInt(0), 
    "follower_user" : ObjectId("5b8525b179a61b534c7c9db2")
}
{ 
    "_id" : ObjectId("5b87ca7ba1f58550b08975d5"), 
    "id" : NumberInt(41), 
    "follower_user" : ObjectId("5b84d3b386e5b214b2b553f5"), 
    "property" : ObjectId("5b851920076cce4958a1d758"), 
    "property_id" : NumberInt(2504), 
    "type" : NumberInt(2), 
    "status" : NumberInt(1), 
    "created_date" : "8/30/2018, 11:44:11 AM", 
    "updated_date" : "8/30/2018, 11:44:11 AM", 
    "__v" : NumberInt(0)
}
{ 
    "_id" : ObjectId("5b87cb07a1f58550b08975da"), 
    "id" : NumberInt(42), 
    "follower_user" : ObjectId("5b86266d5402fb19afa8a016"), 
    "property" : ObjectId("5b87cac5a1f58550b08975d7"), 
    "property_id" : NumberInt(2514), 
    "type" : NumberInt(2), 
    "status" : NumberInt(1), 
    "created_date" : "8/30/2018, 11:46:31 AM", 
    "updated_date" : "8/30/2018, 11:46:31 AM", 
    "__v" : NumberInt(0)
}
{ 
    "_id" : ObjectId("5b87d6ee7a90725330f52e24"), 
    "id" : NumberInt(43), 
    "follower_user" : ObjectId("5b84d3b386e5b214b2b553f5"), 
    "property" : ObjectId("5b87cac5a1f58550b08975d7"), 
    "property_id" : NumberInt(2514), 
    "type" : NumberInt(2), 
    "status" : NumberInt(1), 
    "created_date" : "8/30/2018, 12:37:18 PM", 
    "updated_date" : "8/30/2018, 12:37:18 PM", 
    "__v" : NumberInt(0)
}
{ 
    "_id" : ObjectId("5b8e79c1703e2b5d4c8fa221"), 
    "id" : NumberInt(44), 
    "follower_user" : ObjectId("5b854df55963425e518399aa"), 
    "following_user" : ObjectId("5b8525b179a61b534c7c9db2"), 
    "type" : NumberInt(1), 
    "status" : NumberInt(1), 
    "created_date" : "9/4/2018, 1:25:37 PM", 
    "updated_date" : "9/4/2018, 1:25:37 PM", 
    "__v" : NumberInt(0)
}
{ 
    "_id" : ObjectId("5b8fb62671459b50286bb5b5"), 
    "id" : NumberInt(46), 
    "follower_user" : ObjectId("5b854df55963425e518399aa"), 
    "following_user" : ObjectId("5b84d3b386e5b214b2b553f5"), 
    "type" : NumberInt(1), 
    "status" : NumberInt(1), 
    "created_date" : "9/5/2018, 11:55:34 AM", 
    "updated_date" : "9/5/2018, 11:55:34 AM", 
    "__v" : NumberInt(0)
}
{ 
    "_id" : ObjectId("5b8fb6ff71459b50286bb5b7"), 
    "id" : NumberInt(47), 
    "follower_user" : ObjectId("5b84d3b386e5b214b2b553f5"), 
    "following_user" : ObjectId("5b86266d5402fb19afa8a016"), 
    "type" : NumberInt(1), 
    "status" : NumberInt(1), 
    "created_date" : "9/5/2018, 11:59:11 AM", 
    "updated_date" : "9/5/2018, 11:59:11 AM", 
    "__v" : NumberInt(0)
}
{ 
    "_id" : ObjectId("5b90c993c791862b2e8b8b31"), 
    "id" : NumberInt(48), 
    "follower_user" : ObjectId("5b854df55963425e518399aa"), 
    "property" : ObjectId("5b8531280c8e1e1209b57fac"), 
    "property_id" : NumberInt(2506), 
    "type" : NumberInt(2), 
    "status" : NumberInt(1), 
    "created_date" : "9/6/2018, 7:30:43 AM", 
    "updated_date" : "9/6/2018, 7:30:43 AM", 
    "__v" : NumberInt(0)
}
