{ 
    "_id" : ObjectId("5b87ab25eda6273829ef6542"), 
    "id" : NumberInt(1), 
    "user" : ObjectId("5b84d3b386e5b214b2b553f5"), 
    "review" : ObjectId("5b86445f916d502b887b986c"), 
    "property" : ObjectId("5b84d50486e5b214b2b553f6"), 
    "created_date" : "2018-08-30 14:00:29", 
    "status" : NumberInt(1), 
    "__v" : NumberInt(0)
}
{ 
    "_id" : ObjectId("5b87ca60a1f58550b08975d3"), 
    "id" : NumberInt(2), 
    "user" : ObjectId("5b84d3b386e5b214b2b553f5"), 
    "review" : ObjectId("5b85227879a61b534c7c9db0"), 
    "property" : ObjectId("5b851920076cce4958a1d758"), 
    "created_date" : "2018-08-30 16:13:44", 
    "status" : NumberInt(1), 
    "__v" : NumberInt(0)
}
{ 
    "_id" : ObjectId("5b87cb8ca1f58550b08975df"), 
    "id" : NumberInt(3), 
    "user" : ObjectId("5b86266d5402fb19afa8a016"), 
    "review" : ObjectId("5b87cb74a1f58550b08975dc"), 
    "property" : ObjectId("5b87cac5a1f58550b08975d7"), 
    "created_date" : "2018-08-30 16:18:44", 
    "status" : NumberInt(1), 
    "__v" : NumberInt(0)
}
{ 
    "_id" : ObjectId("5b87d6d07a90725330f52e1e"), 
    "id" : NumberInt(5), 
    "user" : ObjectId("5b84d3b386e5b214b2b553f5"), 
    "review" : ObjectId("5b85227879a61b534c7c9db0"), 
    "property" : ObjectId("5b851920076cce4958a1d758"), 
    "created_date" : "2018-08-30 17:06:48", 
    "status" : NumberInt(1), 
    "__v" : NumberInt(0)
}
{ 
    "_id" : ObjectId("5b87d6d97a90725330f52e20"), 
    "id" : NumberInt(6), 
    "user" : ObjectId("5b84d3b386e5b214b2b553f5"), 
    "review" : ObjectId("5b87975aeb23b6299c4d4a4f"), 
    "property" : ObjectId("5b87833a1540931f3e3b7cf6"), 
    "created_date" : "2018-08-30 17:06:57", 
    "status" : NumberInt(1), 
    "__v" : NumberInt(0)
}
{ 
    "_id" : ObjectId("5b87d6e17a90725330f52e22"), 
    "id" : NumberInt(7), 
    "user" : ObjectId("5b84d3b386e5b214b2b553f5"), 
    "review" : ObjectId("5b87cb74a1f58550b08975dc"), 
    "property" : ObjectId("5b87cac5a1f58550b08975d7"), 
    "created_date" : "2018-08-30 17:07:05", 
    "status" : NumberInt(1), 
    "__v" : NumberInt(0)
}
{ 
    "_id" : ObjectId("5b87ddf094cb8d592ba27f67"), 
    "id" : NumberInt(8), 
    "user" : ObjectId("5b86266d5402fb19afa8a016"), 
    "review" : ObjectId("5b862fda3cd52d205936f963"), 
    "property" : ObjectId("5b8626f05402fb19afa8a017"), 
    "created_date" : "2018-08-30 17:37:12", 
    "status" : NumberInt(1), 
    "__v" : NumberInt(0)
}
{ 
    "_id" : ObjectId("5b88c296249b7611e070e782"), 
    "id" : NumberInt(9), 
    "user" : ObjectId("5b86266d5402fb19afa8a016"), 
    "review" : ObjectId("5b85227879a61b534c7c9db0"), 
    "property" : ObjectId("5b851920076cce4958a1d758"), 
    "created_date" : "2018-08-31 09:52:46", 
    "status" : NumberInt(1), 
    "__v" : NumberInt(0)
}
{ 
    "_id" : ObjectId("5b90ef10d944034065663a40"), 
    "id" : NumberInt(10), 
    "user" : ObjectId("5b84d3b386e5b214b2b553f5"), 
    "review" : ObjectId("5b890b32b26fb74246d3e9e6"), 
    "property" : ObjectId("5b84d50486e5b214b2b553f6"), 
    "created_date" : "2018-09-06 14:40:40", 
    "status" : NumberInt(1), 
    "__v" : NumberInt(0)
}
