{ 
    "_id" : ObjectId("5b8634365b66cb5b61fc390f"), 
    "id" : NumberInt(1), 
    "user" : ObjectId("5aaa0befe6d89914057bd346"), 
    "amount" : NumberInt(2000), 
    "currency" : "gbp", 
    "tx_id" : "ch_1D4MZlCcIhEEYxb9ATdfWQ4H", 
    "description" : "Featured listing purchase ", 
    "payment_type" : "Flat currency", 
    "status" : NumberInt(1), 
    "created_date" : "8/29/2018, 6:50:46 AM", 
    "updated_date" : "8/29/2018, 6:50:46 AM", 
    "__v" : NumberInt(0)
}
{ 
    "_id" : ObjectId("5b8645525cb8c610905488f8"), 
    "id" : NumberInt(1), 
    "user" : ObjectId("5aaa0befe6d89914057bd346"), 
    "amount" : NumberInt(2000), 
    "currency" : "gbp", 
    "tx_id" : "ch_1D4NiPCcIhEEYxb9zjNLRJNW", 
    "description" : "Featured listing purchase ", 
    "payment_type" : "Flat currency", 
    "status" : NumberInt(1), 
    "created_date" : "8/29/2018, 8:03:46 AM", 
    "updated_date" : "8/29/2018, 8:03:46 AM", 
    "__v" : NumberInt(0)
}
{ 
    "_id" : ObjectId("5b8647d68644eb256114a73b"), 
    "id" : NumberInt(1), 
    "user" : ObjectId("5aaa0befe6d89914057bd346"), 
    "amount" : NumberInt(2000), 
    "currency" : "gbp", 
    "tx_id" : "ch_1D4NsoCcIhEEYxb9M9mSskRN", 
    "description" : "Featured listing purchase ", 
    "payment_type" : "Flat currency", 
    "status" : NumberInt(1), 
    "created_date" : "8/29/2018, 8:14:30 AM", 
    "updated_date" : "8/29/2018, 8:14:30 AM", 
    "__v" : NumberInt(0)
}
{ 
    "_id" : ObjectId("5b86495a4d27ba2dc64bec06"), 
    "id" : NumberInt(1), 
    "user" : ObjectId("5aaa0befe6d89914057bd346"), 
    "amount" : NumberInt(2000), 
    "currency" : "gbp", 
    "tx_id" : "ch_1D4Nz3CcIhEEYxb9UjLQExPN", 
    "description" : "Featured listing purchase ", 
    "payment_type" : "Flat currency", 
    "status" : NumberInt(1), 
    "created_date" : "8/29/2018, 8:20:58 AM", 
    "updated_date" : "8/29/2018, 8:20:58 AM", 
    "__v" : NumberInt(0)
}
{ 
    "_id" : ObjectId("5b864a0eac62ba308c45e32c"), 
    "id" : NumberInt(1), 
    "user" : ObjectId("5aaa0befe6d89914057bd346"), 
    "amount" : NumberInt(2000), 
    "currency" : "gbp", 
    "tx_id" : "ch_1D4O1yCcIhEEYxb9cOfk7QK1", 
    "description" : "Featured listing purchase ", 
    "payment_type" : "Flat currency", 
    "status" : NumberInt(1), 
    "created_date" : "8/29/2018, 8:23:58 AM", 
    "updated_date" : "8/29/2018, 8:23:58 AM", 
    "__v" : NumberInt(0)
}
{ 
    "_id" : ObjectId("5b864a89c4e20732b3f10f17"), 
    "id" : NumberInt(1), 
    "user" : ObjectId("5aaa0befe6d89914057bd346"), 
    "amount" : NumberInt(2000), 
    "currency" : "gbp", 
    "tx_id" : "ch_1D4O3xCcIhEEYxb9iuuvo0h4", 
    "description" : "Featured listing purchase ", 
    "payment_type" : "Flat currency", 
    "status" : NumberInt(1), 
    "created_date" : "8/29/2018, 8:26:01 AM", 
    "updated_date" : "8/29/2018, 8:26:01 AM", 
    "__v" : NumberInt(0)
}
{ 
    "_id" : ObjectId("5b864ac672d9e63418a6148a"), 
    "id" : NumberInt(1), 
    "user" : ObjectId("5aaa0befe6d89914057bd346"), 
    "amount" : NumberInt(2000), 
    "currency" : "gbp", 
    "tx_id" : "ch_1D4O4vCcIhEEYxb9qvda0hbm", 
    "description" : "Featured listing purchase ", 
    "payment_type" : "Flat currency", 
    "status" : NumberInt(1), 
    "created_date" : "8/29/2018, 8:27:02 AM", 
    "updated_date" : "8/29/2018, 8:27:02 AM", 
    "__v" : NumberInt(0)
}
{ 
    "_id" : ObjectId("5b867dacec42617cfb7960fa"), 
    "id" : NumberInt(1), 
    "user" : ObjectId("5aaa0befe6d89914057bd346"), 
    "amount" : NumberInt(1000), 
    "currency" : "gbp", 
    "tx_id" : "ch_1D4RT4CcIhEEYxb94U4ncrV6", 
    "description" : "Token purchase using flat currency", 
    "payment_type" : "Flat currency", 
    "status" : NumberInt(1), 
    "created_date" : "8/29/2018, 12:04:11 PM", 
    "updated_date" : "8/29/2018, 12:04:12 PM", 
    "__v" : NumberInt(0)
}
{ 
    "_id" : ObjectId("5b867e230b57c0014713d3ec"), 
    "id" : NumberInt(1), 
    "user" : ObjectId("5aaa0befe6d89914057bd346"), 
    "amount" : NumberInt(1000), 
    "currency" : "gbp", 
    "tx_id" : "ch_1D4RV0CcIhEEYxb94Lb0OSMS", 
    "description" : "Token purchase using flat currency", 
    "payment_type" : "Flat currency", 
    "status" : NumberInt(1), 
    "created_date" : "8/29/2018, 12:06:11 PM", 
    "updated_date" : "8/29/2018, 12:06:11 PM", 
    "__v" : NumberInt(0)
}
{ 
    "_id" : ObjectId("5b867e7045672002db42e1a2"), 
    "id" : NumberInt(1), 
    "user" : ObjectId("5aaa0befe6d89914057bd346"), 
    "amount" : NumberInt(1000), 
    "currency" : "gbp", 
    "tx_id" : "ch_1D4RWFCcIhEEYxb90IlExYav", 
    "description" : "Token purchase using flat currency", 
    "payment_type" : "Flat currency", 
    "status" : NumberInt(1), 
    "created_date" : "8/29/2018, 12:07:28 PM", 
    "updated_date" : "8/29/2018, 12:07:28 PM", 
    "__v" : NumberInt(0)
}
{ 
    "_id" : ObjectId("5b867e8b45672002db42e1a3"), 
    "id" : NumberInt(1), 
    "user" : ObjectId("5aaa0befe6d89914057bd346"), 
    "amount" : NumberInt(2500), 
    "currency" : "gbp", 
    "tx_id" : "ch_1D4RWgCcIhEEYxb9lhToWIAr", 
    "description" : "Token purchase using flat currency", 
    "payment_type" : "Flat currency", 
    "status" : NumberInt(1), 
    "created_date" : "8/29/2018, 12:07:55 PM", 
    "updated_date" : "8/29/2018, 12:07:55 PM", 
    "__v" : NumberInt(0)
}
{ 
    "_id" : ObjectId("5b867fe1c330a009b91be942"), 
    "id" : NumberInt(1), 
    "user" : ObjectId("5aaa0befe6d89914057bd346"), 
    "amount" : NumberInt(2500), 
    "currency" : "gbp", 
    "tx_id" : "ch_1D4RcCCcIhEEYxb9UeUg4vYb", 
    "description" : "Token purchase using flat currency", 
    "payment_type" : "Flat currency", 
    "status" : NumberInt(1), 
    "created_date" : "8/29/2018, 12:13:37 PM", 
    "updated_date" : "8/29/2018, 12:13:37 PM", 
    "__v" : NumberInt(0)
}
{ 
    "_id" : ObjectId("5b87a8be75298612d7c6b113"), 
    "id" : NumberInt(1), 
    "user" : ObjectId("5aaa0befe6d89914057bd346"), 
    "amount" : NumberInt(2500), 
    "currency" : "gbp", 
    "tx_id" : "ch_1D4lNxCcIhEEYxb9RmR52Ugh", 
    "description" : "Token purchase using flat currency", 
    "payment_type" : "Flat currency", 
    "status" : NumberInt(1), 
    "created_date" : "8/30/2018, 9:20:14 AM", 
    "updated_date" : "8/30/2018, 9:20:14 AM", 
    "__v" : NumberInt(0)
}
{ 
    "_id" : ObjectId("5b87a9e675298612d7c6b114"), 
    "id" : NumberInt(1), 
    "user" : ObjectId("5aaa0befe6d89914057bd346"), 
    "amount" : NumberInt(2500), 
    "currency" : "gbp", 
    "tx_id" : "ch_1D4lSjCcIhEEYxb9oZL4xl0J", 
    "description" : "Token purchase using flat currency", 
    "payment_type" : "Flat currency", 
    "status" : NumberInt(1), 
    "created_date" : "8/30/2018, 9:25:10 AM", 
    "updated_date" : "8/30/2018, 9:25:10 AM", 
    "__v" : NumberInt(0)
}
{ 
    "_id" : ObjectId("5b87aa6c4f2c8b1ce5195d64"), 
    "id" : NumberInt(1), 
    "user" : ObjectId("5aaa0befe6d89914057bd346"), 
    "amount" : NumberInt(3750), 
    "currency" : "gbp", 
    "tx_id" : "ch_1D4lUuCcIhEEYxb93Gt8mUPj", 
    "description" : "Token purchase using flat currency", 
    "payment_type" : "Flat currency", 
    "status" : NumberInt(1), 
    "created_date" : "8/30/2018, 9:27:24 AM", 
    "updated_date" : "8/30/2018, 9:27:24 AM", 
    "__v" : NumberInt(0)
}
{ 
    "_id" : ObjectId("5b87ab0e12b4f71f3809c38a"), 
    "id" : NumberInt(1), 
    "user" : ObjectId("5aaa0befe6d89914057bd346"), 
    "amount" : NumberInt(2250), 
    "currency" : "gbp", 
    "tx_id" : "ch_1D4lXVCcIhEEYxb91mJ7vXFB", 
    "description" : "Token purchase using flat currency", 
    "payment_type" : "Flat currency", 
    "status" : NumberInt(1), 
    "created_date" : "8/30/2018, 9:30:06 AM", 
    "updated_date" : "8/30/2018, 9:30:06 AM", 
    "__v" : NumberInt(0)
}
{ 
    "_id" : ObjectId("5b87ac0bdc1e2722aba4d2d3"), 
    "id" : NumberInt(1), 
    "user" : ObjectId("5aaa0befe6d89914057bd346"), 
    "amount" : NumberInt(1250), 
    "currency" : "gbp", 
    "tx_id" : "ch_1D4lbaCcIhEEYxb9AnDWQTiM", 
    "description" : "Token purchase using flat currency", 
    "payment_type" : "Flat currency", 
    "status" : NumberInt(1), 
    "created_date" : "8/30/2018, 9:34:19 AM", 
    "updated_date" : "8/30/2018, 9:34:19 AM", 
    "__v" : NumberInt(0)
}
{ 
    "_id" : ObjectId("5b87ad2267ce3526b2fd2061"), 
    "id" : NumberInt(1), 
    "user" : ObjectId("5aaa0befe6d89914057bd346"), 
    "amount" : NumberInt(1750), 
    "currency" : "gbp", 
    "tx_id" : "ch_1D4lg5CcIhEEYxb9B61pw22v", 
    "description" : "Token purchase using flat currency", 
    "payment_type" : "Flat currency", 
    "status" : NumberInt(1), 
    "created_date" : "8/30/2018, 9:38:58 AM", 
    "updated_date" : "8/30/2018, 9:38:58 AM", 
    "__v" : NumberInt(0)
}
{ 
    "_id" : ObjectId("5b87af4069cf622daa749bed"), 
    "id" : NumberInt(1), 
    "user" : ObjectId("5aaa0befe6d89914057bd346"), 
    "amount" : NumberInt(1750), 
    "currency" : "gbp", 
    "tx_id" : "ch_1D4lopCcIhEEYxb9uupUe76B", 
    "description" : "Token purchase using flat currency", 
    "payment_type" : "Flat currency", 
    "status" : NumberInt(1), 
    "created_date" : "8/30/2018, 9:48:00 AM", 
    "updated_date" : "8/30/2018, 9:48:00 AM", 
    "__v" : NumberInt(0)
}
{ 
    "_id" : ObjectId("5b87af9c69cf622daa749bee"), 
    "id" : NumberInt(1), 
    "user" : ObjectId("5aaa0befe6d89914057bd346"), 
    "amount" : NumberInt(1750), 
    "currency" : "gbp", 
    "tx_id" : "ch_1D4lqICcIhEEYxb9k0sYJ7tt", 
    "description" : "Token purchase using flat currency", 
    "payment_type" : "Flat currency", 
    "status" : NumberInt(1), 
    "created_date" : "8/30/2018, 9:49:32 AM", 
    "updated_date" : "8/30/2018, 9:49:32 AM", 
    "__v" : NumberInt(0)
}
{ 
    "_id" : ObjectId("5b87b0a8b2815b2edd36b4e5"), 
    "id" : NumberInt(1), 
    "user" : ObjectId("5aaa0befe6d89914057bd346"), 
    "amount" : NumberInt(2500), 
    "currency" : "gbp", 
    "tx_id" : "ch_1D4ludCcIhEEYxb9w9QnelZt", 
    "description" : "Token purchase using flat currency", 
    "payment_type" : "Flat currency", 
    "status" : NumberInt(1), 
    "created_date" : "8/30/2018, 9:54:00 AM", 
    "updated_date" : "8/30/2018, 9:54:00 AM", 
    "__v" : NumberInt(0)
}
{ 
    "_id" : ObjectId("5b87bea07b85802f0bf96f01"), 
    "id" : NumberInt(1), 
    "user" : ObjectId("5aaa0befe6d89914057bd346"), 
    "amount" : NumberInt(3000), 
    "currency" : "gbp", 
    "tx_id" : "ch_1D4mqJCcIhEEYxb9swvdDma3", 
    "description" : "Token purchase using flat currency", 
    "payment_type" : "Flat currency", 
    "status" : NumberInt(1), 
    "created_date" : "8/30/2018, 10:53:36 AM", 
    "updated_date" : "8/30/2018, 10:53:36 AM", 
    "__v" : NumberInt(0)
}
{ 
    "_id" : ObjectId("5b87bf0dfb0bf7312750799f"), 
    "id" : NumberInt(1), 
    "user" : ObjectId("5aaa0befe6d89914057bd346"), 
    "amount" : NumberInt(1750), 
    "currency" : "gbp", 
    "tx_id" : "ch_1D4ms4CcIhEEYxb9dPeAqbDc", 
    "description" : "Token purchase using flat currency", 
    "payment_type" : "Flat currency", 
    "status" : NumberInt(1), 
    "created_date" : "8/30/2018, 10:55:25 AM", 
    "updated_date" : "8/30/2018, 10:55:25 AM", 
    "__v" : NumberInt(0)
}
{ 
    "_id" : ObjectId("5b87bf7dfb0bf731275079a0"), 
    "id" : NumberInt(1), 
    "user" : ObjectId("5aaa0befe6d89914057bd346"), 
    "amount" : NumberInt(1750), 
    "currency" : "gbp", 
    "tx_id" : "ch_1D4mtsCcIhEEYxb9tPtJJxrF", 
    "description" : "Token purchase using flat currency", 
    "payment_type" : "Flat currency", 
    "status" : NumberInt(1), 
    "created_date" : "8/30/2018, 10:57:17 AM", 
    "updated_date" : "8/30/2018, 10:57:17 AM", 
    "__v" : NumberInt(0)
}
{ 
    "_id" : ObjectId("5b87bfcbd9ef6d319ffd8837"), 
    "id" : NumberInt(1), 
    "user" : ObjectId("5aaa0befe6d89914057bd346"), 
    "amount" : NumberInt(1500), 
    "currency" : "gbp", 
    "tx_id" : "ch_1D4mv8CcIhEEYxb9Sphp7gwO", 
    "description" : "Token purchase using flat currency", 
    "payment_type" : "Flat currency", 
    "status" : NumberInt(1), 
    "created_date" : "8/30/2018, 10:58:35 AM", 
    "updated_date" : "8/30/2018, 10:58:35 AM", 
    "__v" : NumberInt(0)
}
{ 
    "_id" : ObjectId("5b87c092eee76c32348f841a"), 
    "id" : NumberInt(1), 
    "user" : ObjectId("5aaa0befe6d89914057bd346"), 
    "amount" : NumberInt(1800), 
    "currency" : "gbp", 
    "tx_id" : "ch_1D4myMCcIhEEYxb94fxUMzO1", 
    "description" : "Token purchase using flat currency", 
    "payment_type" : "Flat currency", 
    "status" : NumberInt(1), 
    "created_date" : "8/30/2018, 11:01:54 AM", 
    "updated_date" : "8/30/2018, 11:01:54 AM", 
    "__v" : NumberInt(0)
}
{ 
    "_id" : ObjectId("5b87c148eee76c32348f841b"), 
    "id" : NumberInt(1), 
    "user" : ObjectId("5aaa0befe6d89914057bd346"), 
    "amount" : NumberInt(3000), 
    "currency" : "gbp", 
    "tx_id" : "ch_1D4n1HCcIhEEYxb9Sq2s3WjY", 
    "description" : "Token purchase using flat currency", 
    "payment_type" : "Flat currency", 
    "status" : NumberInt(1), 
    "created_date" : "8/30/2018, 11:04:56 AM", 
    "updated_date" : "8/30/2018, 11:04:56 AM", 
    "__v" : NumberInt(0)
}
{ 
    "_id" : ObjectId("5b87c1b7eee76c32348f841c"), 
    "id" : NumberInt(1), 
    "user" : ObjectId("5aaa0befe6d89914057bd346"), 
    "amount" : NumberInt(1750), 
    "currency" : "gbp", 
    "tx_id" : "ch_1D4n33CcIhEEYxb97zCHaLGF", 
    "description" : "Token purchase using flat currency", 
    "payment_type" : "Flat currency", 
    "status" : NumberInt(1), 
    "created_date" : "8/30/2018, 11:06:47 AM", 
    "updated_date" : "8/30/2018, 11:06:47 AM", 
    "__v" : NumberInt(0)
}
{ 
    "_id" : ObjectId("5b87c213e3646f32c494baeb"), 
    "id" : NumberInt(1), 
    "user" : ObjectId("5aaa0befe6d89914057bd346"), 
    "amount" : NumberInt(1800), 
    "currency" : "gbp", 
    "tx_id" : "ch_1D4n4YCcIhEEYxb9iNfPjT8L", 
    "description" : "Token purchase using flat currency", 
    "payment_type" : "Flat currency", 
    "status" : NumberInt(1), 
    "created_date" : "8/30/2018, 11:08:19 AM", 
    "updated_date" : "8/30/2018, 11:08:19 AM", 
    "__v" : NumberInt(0)
}
{ 
    "_id" : ObjectId("5b87c2efbd6f62336c955ac5"), 
    "id" : NumberInt(1), 
    "user" : ObjectId("5aaa0befe6d89914057bd346"), 
    "amount" : NumberInt(1250), 
    "currency" : "gbp", 
    "tx_id" : "ch_1D4n86CcIhEEYxb9Ni1vpO9D", 
    "description" : "Token purchase using flat currency", 
    "payment_type" : "Flat currency", 
    "status" : NumberInt(1), 
    "created_date" : "8/30/2018, 11:11:59 AM", 
    "updated_date" : "8/30/2018, 11:11:59 AM", 
    "__v" : NumberInt(0)
}
{ 
    "_id" : ObjectId("5b87c3abd46eb1357d8f7a28"), 
    "id" : NumberInt(1), 
    "user" : ObjectId("5aaa0befe6d89914057bd346"), 
    "amount" : NumberInt(1800), 
    "currency" : "gbp", 
    "tx_id" : "ch_1D4nB8CcIhEEYxb9bblydtUa", 
    "description" : "Token purchase using flat currency", 
    "payment_type" : "Flat currency", 
    "status" : NumberInt(1), 
    "created_date" : "8/30/2018, 11:15:07 AM", 
    "updated_date" : "8/30/2018, 11:15:07 AM", 
    "__v" : NumberInt(0)
}
{ 
    "_id" : ObjectId("5b87c44e292d0b35cc8fc6cb"), 
    "id" : NumberInt(1), 
    "user" : ObjectId("5aaa0befe6d89914057bd346"), 
    "amount" : NumberInt(1800), 
    "currency" : "gbp", 
    "tx_id" : "ch_1D4nDlCcIhEEYxb9r8TYS7Hj", 
    "description" : "Token purchase using flat currency", 
    "payment_type" : "Flat currency", 
    "status" : NumberInt(1), 
    "created_date" : "8/30/2018, 11:17:50 AM", 
    "updated_date" : "8/30/2018, 11:17:50 AM", 
    "__v" : NumberInt(0)
}
{ 
    "_id" : ObjectId("5b87c48bfcf20d35ee61f91f"), 
    "id" : NumberInt(1), 
    "user" : ObjectId("5aaa0befe6d89914057bd346"), 
    "amount" : NumberInt(250), 
    "currency" : "gbp", 
    "tx_id" : "ch_1D4nEkCcIhEEYxb98XGsKErU", 
    "description" : "Token purchase using flat currency", 
    "payment_type" : "Flat currency", 
    "status" : NumberInt(1), 
    "created_date" : "8/30/2018, 11:18:51 AM", 
    "updated_date" : "8/30/2018, 11:18:51 AM", 
    "__v" : NumberInt(0)
}
{ 
    "_id" : ObjectId("5b87c4ffdc66753646e6eb11"), 
    "id" : NumberInt(1), 
    "user" : ObjectId("5aaa0befe6d89914057bd346"), 
    "amount" : NumberInt(300), 
    "currency" : "gbp", 
    "tx_id" : "ch_1D4nGcCcIhEEYxb9f7rKjDO9", 
    "description" : "Token purchase using flat currency", 
    "payment_type" : "Flat currency", 
    "status" : NumberInt(1), 
    "created_date" : "8/30/2018, 11:20:47 AM", 
    "updated_date" : "8/30/2018, 11:20:47 AM", 
    "__v" : NumberInt(0)
}
{ 
    "_id" : ObjectId("5b87c57fa4a54336e0758acd"), 
    "id" : NumberInt(1), 
    "user" : ObjectId("5aaa0befe6d89914057bd346"), 
    "amount" : NumberInt(3000), 
    "currency" : "gbp", 
    "tx_id" : "ch_1D4nIfCcIhEEYxb9lEGL97Fv", 
    "description" : "Token purchase using flat currency", 
    "payment_type" : "Flat currency", 
    "status" : NumberInt(1), 
    "created_date" : "8/30/2018, 11:22:54 AM", 
    "updated_date" : "8/30/2018, 11:22:54 AM", 
    "__v" : NumberInt(0)
}
{ 
    "_id" : ObjectId("5b87c6dfa4a54336e0758ace"), 
    "id" : NumberInt(1), 
    "user" : ObjectId("5aaa0befe6d89914057bd346"), 
    "amount" : NumberInt(250), 
    "currency" : "gbp", 
    "tx_id" : "ch_1D4nOLCcIhEEYxb9tcB1IV62", 
    "description" : "Token purchase using flat currency", 
    "payment_type" : "Flat currency", 
    "status" : NumberInt(1), 
    "created_date" : "8/30/2018, 11:28:47 AM", 
    "updated_date" : "8/30/2018, 11:28:47 AM", 
    "__v" : NumberInt(0)
}
{ 
    "_id" : ObjectId("5b87c703a4a54336e0758acf"), 
    "id" : NumberInt(1), 
    "user" : ObjectId("5aaa0befe6d89914057bd346"), 
    "amount" : NumberInt(150), 
    "currency" : "gbp", 
    "tx_id" : "ch_1D4nOwCcIhEEYxb9YTk0j8PH", 
    "description" : "Token purchase using flat currency", 
    "payment_type" : "Flat currency", 
    "status" : NumberInt(1), 
    "created_date" : "8/30/2018, 11:29:23 AM", 
    "updated_date" : "8/30/2018, 11:29:23 AM", 
    "__v" : NumberInt(0)
}
{ 
    "_id" : ObjectId("5b87c7554eb802375e63f287"), 
    "id" : NumberInt(1), 
    "user" : ObjectId("5aaa0befe6d89914057bd346"), 
    "amount" : NumberInt(1800), 
    "currency" : "gbp", 
    "tx_id" : "ch_1D4nQGCcIhEEYxb9f9tMg39N", 
    "description" : "Token purchase using flat currency", 
    "payment_type" : "Flat currency", 
    "status" : NumberInt(1), 
    "created_date" : "8/30/2018, 11:30:45 AM", 
    "updated_date" : "8/30/2018, 11:30:45 AM", 
    "__v" : NumberInt(0)
}
{ 
    "_id" : ObjectId("5b87c93656adbe778100c751"), 
    "id" : NumberInt(1), 
    "user" : ObjectId("5aaa0befe6d89914057bd346"), 
    "amount" : NumberInt(1250), 
    "currency" : "gbp", 
    "tx_id" : "ch_1D4nY1CcIhEEYxb9Ry5mtGFM", 
    "description" : "Token purchase using flat currency", 
    "payment_type" : "Flat currency", 
    "status" : NumberInt(1), 
    "created_date" : "8/30/2018, 11:38:46 AM", 
    "updated_date" : "8/30/2018, 11:38:46 AM", 
    "__v" : NumberInt(0)
}
{ 
    "_id" : ObjectId("5b88cdca35462d3ac369f290"), 
    "id" : NumberInt(1), 
    "user" : ObjectId("5aaa0befe6d89914057bd346"), 
    "amount" : NumberInt(2500), 
    "currency" : "gbp", 
    "tx_id" : "ch_1D54txCcIhEEYxb90TxhGjG3", 
    "description" : "Token purchase using flat currency", 
    "payment_type" : "Flat currency", 
    "status" : NumberInt(1), 
    "created_date" : "8/31/2018, 6:10:34 AM", 
    "updated_date" : "8/31/2018, 6:10:34 AM", 
    "__v" : NumberInt(0)
}
{ 
    "_id" : ObjectId("5b88cdd935462d3ac369f291"), 
    "id" : NumberInt(1), 
    "user" : ObjectId("5aaa0befe6d89914057bd346"), 
    "amount" : NumberInt(1250), 
    "currency" : "gbp", 
    "tx_id" : "ch_1D54uCCcIhEEYxb9Dilqc8NL", 
    "description" : "Token purchase using flat currency", 
    "payment_type" : "Flat currency", 
    "status" : NumberInt(1), 
    "created_date" : "8/31/2018, 6:10:49 AM", 
    "updated_date" : "8/31/2018, 6:10:49 AM", 
    "__v" : NumberInt(0)
}
{ 
    "_id" : ObjectId("5b88d5b0e251a46d544df900"), 
    "id" : NumberInt(1), 
    "user" : ObjectId("5aaa0befe6d89914057bd346"), 
    "amount" : NumberInt(2000), 
    "currency" : "gbp", 
    "tx_id" : "ch_1D55QZCcIhEEYxb9LEMJK593", 
    "description" : "Featured listing purchase ", 
    "payment_type" : "Flat currency", 
    "status" : NumberInt(1), 
    "created_date" : "8/31/2018, 6:44:16 AM", 
    "updated_date" : "8/31/2018, 6:44:16 AM", 
    "__v" : NumberInt(0)
}
{ 
    "_id" : ObjectId("5b88dccd4e42e10d558dd932"), 
    "id" : NumberInt(1), 
    "user" : ObjectId("5aaa0befe6d89914057bd346"), 
    "amount" : NumberInt(1250), 
    "currency" : "gbp", 
    "tx_id" : "ch_1D55twCcIhEEYxb9Wn59iAx8", 
    "description" : "Token purchase using flat currency", 
    "payment_type" : "Flat currency", 
    "status" : NumberInt(1), 
    "created_date" : "8/31/2018, 7:14:37 AM", 
    "updated_date" : "8/31/2018, 7:14:37 AM", 
    "__v" : NumberInt(0)
}
{ 
    "_id" : ObjectId("5b8fb4f15e4db84327e1e0c2"), 
    "id" : NumberInt(1), 
    "user" : ObjectId("5aaa0befe6d89914057bd346"), 
    "amount" : NumberInt(2500), 
    "currency" : "gbp", 
    "tx_id" : "ch_1D6yaaCcIhEEYxb97H87JYg8", 
    "description" : "Token purchase using flat currency", 
    "payment_type" : "Flat currency", 
    "status" : NumberInt(1), 
    "created_date" : "9/5/2018, 11:50:24 AM", 
    "updated_date" : "9/5/2018, 11:50:25 AM", 
    "__v" : NumberInt(0)
}
{ 
    "_id" : ObjectId("5b8fba9d5e4db84327e1e0c3"), 
    "id" : NumberInt(1), 
    "user" : ObjectId("5aaa0befe6d89914057bd346"), 
    "amount" : NumberInt(2500), 
    "currency" : "gbp", 
    "tx_id" : "ch_1D6yy0CcIhEEYxb9pCQfYNzX", 
    "description" : "Token purchase using flat currency", 
    "payment_type" : "Flat currency", 
    "status" : NumberInt(1), 
    "created_date" : "9/5/2018, 12:14:37 PM", 
    "updated_date" : "9/5/2018, 12:14:37 PM", 
    "__v" : NumberInt(0)
}
{ 
    "_id" : ObjectId("5b8fc82f8cff5314411a6550"), 
    "id" : NumberInt(1), 
    "user" : ObjectId("5aaa0befe6d89914057bd346"), 
    "amount" : NumberInt(2000), 
    "currency" : "gbp", 
    "tx_id" : "ch_1D6zs2CcIhEEYxb9Nt12BFpq", 
    "description" : "Featured listing purchase ", 
    "payment_type" : "Flat currency", 
    "status" : NumberInt(1), 
    "created_date" : "9/5/2018, 1:12:31 PM", 
    "updated_date" : "9/5/2018, 1:12:31 PM", 
    "__v" : NumberInt(0)
}
