{ 
    "_id" : ObjectId("5b83f6c54d45a01b86bc82fc"), 
    "id" : NumberInt(1), 
    "user" : ObjectId("5aa270cb57b4f820d495ee17"), 
    "description" : "Started following", 
    "property" : "", 
    "target_user" : ObjectId("5aa61806769e71326ccfe8f7"), 
    "status" : NumberInt(1), 
    "created_date" : "2018-08-27 12:12:000", 
    "updated_date" : "2018-08-27 12:12:000"
}
{ 
    "_id" : ObjectId("5b87baeb4b81fc40ae7b0116"), 
    "id" : NumberInt(7), 
    "user" : ObjectId("5b84d3b386e5b214b2b553f5"), 
    "description" : "started following ", 
    "property" : null, 
    "target_user" : ObjectId("5b8525b179a61b534c7c9db2"), 
    "status" : NumberInt(1), 
    "created_date" : "8/30/2018, 10:37:47 AM", 
    "updated_date" : "8/30/2018, 10:37:47 AM", 
    "__v" : NumberInt(0)
}
{ 
    "_id" : ObjectId("5b87bb544b81fc40ae7b0118"), 
    "id" : NumberInt(8), 
    "user" : ObjectId("5b8525b179a61b534c7c9db2"), 
    "description" : "started following ", 
    "property" : null, 
    "target_user" : ObjectId("5b84d3b386e5b214b2b553f5"), 
    "status" : NumberInt(1), 
    "created_date" : "8/30/2018, 10:39:32 AM", 
    "updated_date" : "8/30/2018, 10:39:32 AM", 
    "__v" : NumberInt(0)
}
{ 
    "_id" : ObjectId("5b87bb544b81fc40ae7b0119"), 
    "id" : NumberInt(9), 
    "user" : ObjectId("5b84d3b386e5b214b2b553f5"), 
    "description" : "has new follower ", 
    "property" : null, 
    "target_user" : ObjectId("5b8525b179a61b534c7c9db2"), 
    "status" : NumberInt(1), 
    "created_date" : "8/30/2018, 10:39:32 AM", 
    "updated_date" : "8/30/2018, 10:39:32 AM", 
    "__v" : NumberInt(0)
}
{ 
    "_id" : ObjectId("5b87ca44a1f58550b08975d2"), 
    "id" : NumberInt(10), 
    "user" : ObjectId("5b84d3b386e5b214b2b553f5"), 
    "description" : "started following the location ", 
    "property" : ObjectId("5b84d50486e5b214b2b553f6"), 
    "target_user" : null, 
    "status" : NumberInt(1), 
    "created_date" : "8/30/2018, 11:43:16 AM", 
    "updated_date" : "8/30/2018, 11:43:16 AM", 
    "__v" : NumberInt(0)
}
{ 
    "_id" : ObjectId("5b87ca60a1f58550b08975d4"), 
    "id" : NumberInt(11), 
    "user" : ObjectId("5b84d3b386e5b214b2b553f5"), 
    "description" : "Upvotes a review for location ", 
    "property" : ObjectId("5b851920076cce4958a1d758"), 
    "target_user" : null, 
    "status" : NumberInt(1), 
    "created_date" : "8/30/2018, 11:43:44 AM", 
    "updated_date" : "8/30/2018, 11:43:44 AM", 
    "__v" : NumberInt(0)
}
{ 
    "_id" : ObjectId("5b87ca7ba1f58550b08975d6"), 
    "id" : NumberInt(12), 
    "user" : ObjectId("5b84d3b386e5b214b2b553f5"), 
    "description" : "started following the location ", 
    "property" : ObjectId("5b851920076cce4958a1d758"), 
    "target_user" : null, 
    "status" : NumberInt(1), 
    "created_date" : "8/30/2018, 11:44:11 AM", 
    "updated_date" : "8/30/2018, 11:44:11 AM", 
    "__v" : NumberInt(0)
}
{ 
    "_id" : ObjectId("5b87cae0a1f58550b08975d8"), 
    "id" : NumberInt(13), 
    "user" : ObjectId("5b84d3b386e5b214b2b553f5"), 
    "description" : "Added New Location ", 
    "property" : ObjectId("5b87cac5a1f58550b08975d7"), 
    "target_user" : null, 
    "status" : NumberInt(1), 
    "created_date" : "8/30/2018, 11:45:52 AM", 
    "updated_date" : "8/30/2018, 11:45:52 AM", 
    "__v" : NumberInt(0)
}
{ 
    "_id" : ObjectId("5b87cb07a1f58550b08975db"), 
    "id" : NumberInt(14), 
    "user" : ObjectId("5b86266d5402fb19afa8a016"), 
    "description" : "started following the location ", 
    "property" : ObjectId("5b87cac5a1f58550b08975d7"), 
    "target_user" : null, 
    "status" : NumberInt(1), 
    "created_date" : "8/30/2018, 11:46:31 AM", 
    "updated_date" : "8/30/2018, 11:46:31 AM", 
    "__v" : NumberInt(0)
}
{ 
    "_id" : ObjectId("5b87cb74a1f58550b08975dd"), 
    "id" : NumberInt(15), 
    "user" : ObjectId("5b86266d5402fb19afa8a016"), 
    "description" : "Added New Review to the location ", 
    "property" : ObjectId("5b87cac5a1f58550b08975d7"), 
    "target_user" : null, 
    "status" : NumberInt(1), 
    "created_date" : "8/30/2018, 11:48:20 AM", 
    "updated_date" : "8/30/2018, 11:48:20 AM", 
    "__v" : NumberInt(0)
}
{ 
    "_id" : ObjectId("5b87cb8ca1f58550b08975e0"), 
    "id" : NumberInt(16), 
    "user" : ObjectId("5b86266d5402fb19afa8a016"), 
    "description" : "Upvotes a review for location ", 
    "property" : ObjectId("5b87cac5a1f58550b08975d7"), 
    "target_user" : null, 
    "status" : NumberInt(1), 
    "created_date" : "8/30/2018, 11:48:44 AM", 
    "updated_date" : "8/30/2018, 11:48:44 AM", 
    "__v" : NumberInt(0)
}
{ 
    "_id" : ObjectId("5b87d6c97a90725330f52e1d"), 
    "id" : NumberInt(17), 
    "user" : ObjectId("5b84d3b386e5b214b2b553f5"), 
    "description" : "Upvotes a review for location ", 
    "property" : ObjectId("5b84d50486e5b214b2b553f6"), 
    "target_user" : null, 
    "status" : NumberInt(1), 
    "created_date" : "8/30/2018, 12:36:41 PM", 
    "updated_date" : "8/30/2018, 12:36:41 PM", 
    "__v" : NumberInt(0)
}
{ 
    "_id" : ObjectId("5b87d6d07a90725330f52e1f"), 
    "id" : NumberInt(18), 
    "user" : ObjectId("5b84d3b386e5b214b2b553f5"), 
    "description" : "Upvotes a review for location ", 
    "property" : ObjectId("5b851920076cce4958a1d758"), 
    "target_user" : null, 
    "status" : NumberInt(1), 
    "created_date" : "8/30/2018, 12:36:48 PM", 
    "updated_date" : "8/30/2018, 12:36:48 PM", 
    "__v" : NumberInt(0)
}
{ 
    "_id" : ObjectId("5b87d6d97a90725330f52e21"), 
    "id" : NumberInt(19), 
    "user" : ObjectId("5b84d3b386e5b214b2b553f5"), 
    "description" : "Upvotes a review for location ", 
    "property" : ObjectId("5b87833a1540931f3e3b7cf6"), 
    "target_user" : null, 
    "status" : NumberInt(1), 
    "created_date" : "8/30/2018, 12:36:57 PM", 
    "updated_date" : "8/30/2018, 12:36:57 PM", 
    "__v" : NumberInt(0)
}
{ 
    "_id" : ObjectId("5b87d6e17a90725330f52e23"), 
    "id" : NumberInt(20), 
    "user" : ObjectId("5b84d3b386e5b214b2b553f5"), 
    "description" : "Upvotes a review for location ", 
    "property" : ObjectId("5b87cac5a1f58550b08975d7"), 
    "target_user" : null, 
    "status" : NumberInt(1), 
    "created_date" : "8/30/2018, 12:37:05 PM", 
    "updated_date" : "8/30/2018, 12:37:05 PM", 
    "__v" : NumberInt(0)
}
{ 
    "_id" : ObjectId("5b87d6ee7a90725330f52e25"), 
    "id" : NumberInt(21), 
    "user" : ObjectId("5b84d3b386e5b214b2b553f5"), 
    "description" : "started following the location ", 
    "property" : ObjectId("5b87cac5a1f58550b08975d7"), 
    "target_user" : null, 
    "status" : NumberInt(1), 
    "created_date" : "8/30/2018, 12:37:18 PM", 
    "updated_date" : "8/30/2018, 12:37:18 PM", 
    "__v" : NumberInt(0)
}
{ 
    "_id" : ObjectId("5b87d7a587c05e56fb6ce0f9"), 
    "id" : NumberInt(22), 
    "user" : ObjectId("5b84d3b386e5b214b2b553f5"), 
    "description" : "Upvotes a review for location ", 
    "property" : ObjectId("5b84d50486e5b214b2b553f6"), 
    "target_user" : null, 
    "status" : NumberInt(1), 
    "created_date" : "8/30/2018, 12:40:21 PM", 
    "updated_date" : "8/30/2018, 12:40:21 PM", 
    "__v" : NumberInt(0)
}
{ 
    "_id" : ObjectId("5b87d81087c05e56fb6ce0fb"), 
    "id" : NumberInt(23), 
    "user" : ObjectId("5b84d3b386e5b214b2b553f5"), 
    "description" : "Upvotes a review for location ", 
    "property" : ObjectId("5b84d50486e5b214b2b553f6"), 
    "target_user" : null, 
    "status" : NumberInt(1), 
    "created_date" : "8/30/2018, 12:42:08 PM", 
    "updated_date" : "8/30/2018, 12:42:08 PM", 
    "__v" : NumberInt(0)
}
{ 
    "_id" : ObjectId("5b87ddf094cb8d592ba27f68"), 
    "id" : NumberInt(24), 
    "user" : ObjectId("5b86266d5402fb19afa8a016"), 
    "description" : "Upvotes a review for location ", 
    "property" : ObjectId("5b8626f05402fb19afa8a017"), 
    "target_user" : null, 
    "status" : NumberInt(1), 
    "created_date" : "8/30/2018, 1:07:12 PM", 
    "updated_date" : "8/30/2018, 1:07:12 PM", 
    "__v" : NumberInt(0)
}
{ 
    "_id" : ObjectId("5b87e1c08cd18a5b69ef3eba"), 
    "id" : NumberInt(25), 
    "user" : ObjectId("5b84d3b386e5b214b2b553f5"), 
    "description" : "Your one location is reported as sapm and deactivated which is ", 
    "property" : ObjectId("5b84d50486e5b214b2b553f6"), 
    "target_user" : null, 
    "status" : NumberInt(1), 
    "created_date" : "8/30/2018, 1:23:28 PM", 
    "updated_date" : "8/30/2018, 1:23:28 PM", 
    "__v" : NumberInt(0)
}
{ 
    "_id" : ObjectId("5b87e3b5355b085c859a2895"), 
    "id" : NumberInt(26), 
    "user" : ObjectId("5b86266d5402fb19afa8a016"), 
    "description" : "Your one location is reported as sapm and deactivated which is ", 
    "property" : ObjectId("5b8626f05402fb19afa8a017"), 
    "target_user" : null, 
    "status" : NumberInt(1), 
    "created_date" : "8/30/2018, 1:31:49 PM", 
    "updated_date" : "8/30/2018, 1:31:49 PM", 
    "__v" : NumberInt(0)
}
{ 
    "_id" : ObjectId("5b87e9b1439a215fea081501"), 
    "id" : NumberInt(27), 
    "user" : ObjectId("5b84d3b386e5b214b2b553f5"), 
    "description" : "Your one location is reported as sapm and deactivated which is ", 
    "property" : ObjectId("5b87833a1540931f3e3b7cf6"), 
    "target_user" : null, 
    "status" : NumberInt(1), 
    "created_date" : "8/30/2018, 1:57:21 PM", 
    "updated_date" : "8/30/2018, 1:57:21 PM", 
    "__v" : NumberInt(0)
}
{ 
    "_id" : ObjectId("5b87e9b1439a215fea081502"), 
    "id" : NumberInt(28), 
    "user" : ObjectId("5b86266d5402fb19afa8a016"), 
    "description" : "Your reported location is deactivated which is ", 
    "property" : ObjectId("5b87833a1540931f3e3b7cf6"), 
    "target_user" : null, 
    "status" : NumberInt(1), 
    "created_date" : "8/30/2018, 1:57:21 PM", 
    "updated_date" : "8/30/2018, 1:57:21 PM", 
    "__v" : NumberInt(0)
}
{ 
    "_id" : ObjectId("5b87f0223a5767631e633aed"), 
    "id" : NumberInt(29), 
    "user" : ObjectId("5b84d3b386e5b214b2b553f5"), 
    "description" : "your location is activated and which is ", 
    "property" : ObjectId("5b84d50486e5b214b2b553f6"), 
    "target_user" : null, 
    "status" : NumberInt(1), 
    "created_date" : "8/30/2018, 2:24:50 PM", 
    "updated_date" : "8/30/2018, 2:24:50 PM", 
    "__v" : NumberInt(0)
}
{ 
    "_id" : ObjectId("5b87fcdcca11296b104c4496"), 
    "id" : NumberInt(30), 
    "user" : ObjectId("5b8525b179a61b534c7c9db2"), 
    "description" : "You are now suspended ", 
    "property" : ObjectId("5b8525b179a61b534c7c9db2"), 
    "target_user" : null, 
    "status" : NumberInt(1), 
    "created_date" : "8/30/2018, 3:19:08 PM", 
    "updated_date" : "8/30/2018, 3:19:08 PM", 
    "__v" : NumberInt(0)
}
{ 
    "_id" : ObjectId("5b87fcdcca11296b104c4497"), 
    "id" : NumberInt(31), 
    "user" : ObjectId("5b84d3b386e5b214b2b553f5"), 
    "description" : "Your reported user is suspended", 
    "property" : ObjectId("5b8525b179a61b534c7c9db2"), 
    "target_user" : null, 
    "status" : NumberInt(1), 
    "created_date" : "8/30/2018, 3:19:08 PM", 
    "updated_date" : "8/30/2018, 3:19:08 PM", 
    "__v" : NumberInt(0)
}
{ 
    "_id" : ObjectId("5b87fd01ca11296b104c4498"), 
    "id" : NumberInt(32), 
    "user" : ObjectId("5b8525b179a61b534c7c9db2"), 
    "description" : "You are now activated", 
    "property" : ObjectId("5b8525b179a61b534c7c9db2"), 
    "target_user" : null, 
    "status" : NumberInt(1), 
    "created_date" : "8/30/2018, 3:19:45 PM", 
    "updated_date" : "8/30/2018, 3:19:45 PM", 
    "__v" : NumberInt(0)
}
{ 
    "_id" : ObjectId("5b88c296249b7611e070e783"), 
    "id" : NumberInt(33), 
    "user" : ObjectId("5b86266d5402fb19afa8a016"), 
    "description" : "Upvotes a review for location ", 
    "property" : ObjectId("5b851920076cce4958a1d758"), 
    "target_user" : null, 
    "status" : NumberInt(1), 
    "created_date" : "8/31/2018, 5:22:46 AM", 
    "updated_date" : "8/31/2018, 5:22:46 AM", 
    "__v" : NumberInt(0)
}
{ 
    "_id" : ObjectId("5b88df5d03c21c26488d8f4d"), 
    "id" : NumberInt(34), 
    "user" : ObjectId("5b8525b179a61b534c7c9db2"), 
    "description" : "You are now suspended ", 
    "property" : ObjectId("5b8525b179a61b534c7c9db2"), 
    "target_user" : null, 
    "status" : NumberInt(1), 
    "created_date" : "8/31/2018, 7:25:33 AM", 
    "updated_date" : "8/31/2018, 7:25:33 AM", 
    "__v" : NumberInt(0)
}
{ 
    "_id" : ObjectId("5b88df5d03c21c26488d8f4e"), 
    "id" : NumberInt(35), 
    "user" : ObjectId("5b84d3b386e5b214b2b553f5"), 
    "description" : "Your reported user is suspended", 
    "property" : ObjectId("5b8525b179a61b534c7c9db2"), 
    "target_user" : null, 
    "status" : NumberInt(1), 
    "created_date" : "8/31/2018, 7:25:33 AM", 
    "updated_date" : "8/31/2018, 7:25:33 AM", 
    "__v" : NumberInt(0)
}
{ 
    "_id" : ObjectId("5b88df9803c21c26488d8f4f"), 
    "id" : NumberInt(36), 
    "user" : ObjectId("5b8525b179a61b534c7c9db2"), 
    "description" : "You are now activated", 
    "property" : ObjectId("5b8525b179a61b534c7c9db2"), 
    "target_user" : null, 
    "status" : NumberInt(1), 
    "created_date" : "8/31/2018, 7:26:32 AM", 
    "updated_date" : "8/31/2018, 7:26:32 AM", 
    "__v" : NumberInt(0)
}
{ 
    "_id" : ObjectId("5b88e839c35fbc2f4fe5d189"), 
    "id" : NumberInt(37), 
    "user" : ObjectId("5b8525b179a61b534c7c9db2"), 
    "description" : "Your request for spam user is rejected for", 
    "property" : null, 
    "target_user" : ObjectId("5b86266d5402fb19afa8a016"), 
    "status" : NumberInt(1), 
    "created_date" : "8/31/2018, 8:03:21 AM", 
    "updated_date" : "8/31/2018, 8:03:21 AM", 
    "__v" : NumberInt(0)
}
{ 
    "_id" : ObjectId("5b88ed887e114632f2a2d676"), 
    "id" : NumberInt(38), 
    "user" : ObjectId("5b84d3b386e5b214b2b553f5"), 
    "description" : "Your request for spam location is rejected for ", 
    "property" : ObjectId("5b8525f579a61b534c7c9db3"), 
    "target_user" : null, 
    "status" : NumberInt(1), 
    "created_date" : "8/31/2018, 8:26:00 AM", 
    "updated_date" : "8/31/2018, 8:26:00 AM", 
    "__v" : NumberInt(0)
}
{ 
    "_id" : ObjectId("5b88f262ff85a1354c3c7e06"), 
    "id" : NumberInt(39), 
    "user" : ObjectId("5b86266d5402fb19afa8a016"), 
    "description" : "Your one location is reported as sapm and deactivated which is ", 
    "property" : ObjectId("5b8628f2d6f4581b2064928b"), 
    "target_user" : null, 
    "status" : NumberInt(1), 
    "created_date" : "8/31/2018, 8:46:42 AM", 
    "updated_date" : "8/31/2018, 8:46:42 AM", 
    "__v" : NumberInt(0)
}
{ 
    "_id" : ObjectId("5b88f262ff85a1354c3c7e07"), 
    "id" : NumberInt(40), 
    "user" : ObjectId("5b86266d5402fb19afa8a016"), 
    "description" : "Your reported location is deactivated which is ", 
    "property" : ObjectId("5b8628f2d6f4581b2064928b"), 
    "target_user" : null, 
    "status" : NumberInt(1), 
    "created_date" : "8/31/2018, 8:46:42 AM", 
    "updated_date" : "8/31/2018, 8:46:42 AM", 
    "__v" : NumberInt(0)
}
{ 
    "_id" : ObjectId("5b88f97c86e72f38f669fb0c"), 
    "id" : NumberInt(41), 
    "user" : ObjectId("5b86266d5402fb19afa8a016"), 
    "description" : "You are now suspended ", 
    "property" : ObjectId("5b86266d5402fb19afa8a016"), 
    "target_user" : null, 
    "status" : NumberInt(1), 
    "created_date" : "8/31/2018, 9:17:00 AM", 
    "updated_date" : "8/31/2018, 9:17:00 AM", 
    "__v" : NumberInt(0)
}
{ 
    "_id" : ObjectId("5b88f97c86e72f38f669fb0d"), 
    "id" : NumberInt(42), 
    "user" : ObjectId("5b84d3b386e5b214b2b553f5"), 
    "description" : "Your reported user is suspended", 
    "property" : ObjectId("5b86266d5402fb19afa8a016"), 
    "target_user" : null, 
    "status" : NumberInt(1), 
    "created_date" : "8/31/2018, 9:17:00 AM", 
    "updated_date" : "8/31/2018, 9:17:00 AM", 
    "__v" : NumberInt(0)
}
{ 
    "_id" : ObjectId("5b88fa2e4cde83395df6a834"), 
    "id" : NumberInt(43), 
    "user" : ObjectId("5b8525b179a61b534c7c9db2"), 
    "description" : "Your one location is reported as sapm and deactivated which is ", 
    "property" : ObjectId("5b8525f579a61b534c7c9db3"), 
    "target_user" : null, 
    "status" : NumberInt(1), 
    "created_date" : "8/31/2018, 9:19:58 AM", 
    "updated_date" : "8/31/2018, 9:19:58 AM", 
    "__v" : NumberInt(0)
}
{ 
    "_id" : ObjectId("5b88fa2e4cde83395df6a835"), 
    "id" : NumberInt(44), 
    "user" : ObjectId("5b84d3b386e5b214b2b553f5"), 
    "description" : "Your reported location is deactivated which is ", 
    "property" : ObjectId("5b8525f579a61b534c7c9db3"), 
    "target_user" : null, 
    "status" : NumberInt(1), 
    "created_date" : "8/31/2018, 9:19:58 AM", 
    "updated_date" : "8/31/2018, 9:19:58 AM", 
    "__v" : NumberInt(0)
}
{ 
    "_id" : ObjectId("5b89026ba815463c312c6b85"), 
    "id" : NumberInt(45), 
    "user" : ObjectId("5b84d3b386e5b214b2b553f5"), 
    "description" : "Your one location is reported as sapm and deactivated which is ", 
    "property" : ObjectId("5b84d50486e5b214b2b553f6"), 
    "target_user" : null, 
    "status" : NumberInt(1), 
    "created_date" : "8/31/2018, 9:55:07 AM", 
    "updated_date" : "8/31/2018, 9:55:07 AM", 
    "__v" : NumberInt(0)
}
{ 
    "_id" : ObjectId("5b89026ba815463c312c6b86"), 
    "id" : NumberInt(45), 
    "user" : ObjectId("5b84d3b386e5b214b2b553f5"), 
    "description" : "Your reported location is deactivated which is ", 
    "property" : ObjectId("5b84d50486e5b214b2b553f6"), 
    "target_user" : null, 
    "status" : NumberInt(1), 
    "created_date" : "8/31/2018, 9:55:07 AM", 
    "updated_date" : "8/31/2018, 9:55:07 AM", 
    "__v" : NumberInt(0)
}
{ 
    "_id" : ObjectId("5b8904842f553c3dea7cd2e0"), 
    "id" : NumberInt(46), 
    "user" : ObjectId("5b84d3b386e5b214b2b553f5"), 
    "description" : "Your one location is reported as sapm and deactivated which is ", 
    "property" : ObjectId("5b84d50486e5b214b2b553f6"), 
    "target_user" : null, 
    "status" : NumberInt(1), 
    "created_date" : "8/31/2018, 10:04:04 AM", 
    "updated_date" : "8/31/2018, 10:04:04 AM", 
    "__v" : NumberInt(0)
}
{ 
    "_id" : ObjectId("5b8904842f553c3dea7cd2e1"), 
    "id" : NumberInt(47), 
    "user" : ObjectId("5b84d3b386e5b214b2b553f5"), 
    "description" : "Your reported location is deactivated which is ", 
    "property" : ObjectId("5b84d50486e5b214b2b553f6"), 
    "target_user" : null, 
    "status" : NumberInt(1), 
    "created_date" : "8/31/2018, 10:04:04 AM", 
    "updated_date" : "8/31/2018, 10:04:04 AM", 
    "__v" : NumberInt(0)
}
{ 
    "_id" : ObjectId("5b890968fa54e44171db6bad"), 
    "id" : NumberInt(48), 
    "user" : ObjectId("5b84d3b386e5b214b2b553f5"), 
    "description" : "Your one review is reported as sapm and deactivated", 
    "property" : ObjectId("5b86445f916d502b887b986c"), 
    "target_user" : null, 
    "status" : NumberInt(1), 
    "created_date" : "8/31/2018, 10:24:56 AM", 
    "updated_date" : "8/31/2018, 10:24:56 AM", 
    "__v" : NumberInt(0)
}
{ 
    "_id" : ObjectId("5b890968fa54e44171db6bae"), 
    "id" : NumberInt(49), 
    "user" : ObjectId("5b84d3b386e5b214b2b553f5"), 
    "description" : "Your reported review is deactivated", 
    "property" : ObjectId("5b86445f916d502b887b986c"), 
    "target_user" : null, 
    "status" : NumberInt(1), 
    "created_date" : "8/31/2018, 10:24:56 AM", 
    "updated_date" : "8/31/2018, 10:24:56 AM", 
    "__v" : NumberInt(0)
}
{ 
    "_id" : ObjectId("5b890b32b26fb74246d3e9e7"), 
    "id" : NumberInt(50), 
    "user" : ObjectId("5b86266d5402fb19afa8a016"), 
    "description" : "Added New Review to the location ", 
    "property" : ObjectId("5b84d50486e5b214b2b553f6"), 
    "target_user" : null, 
    "status" : NumberInt(1), 
    "created_date" : "8/31/2018, 10:32:34 AM", 
    "updated_date" : "8/31/2018, 10:32:34 AM", 
    "__v" : NumberInt(0)
}
{ 
    "_id" : ObjectId("5b89119fe988434809653840"), 
    "id" : NumberInt(51), 
    "user" : ObjectId("5b84d3b386e5b214b2b553f5"), 
    "description" : "Your one review is reported as sapm and deactivated", 
    "property" : ObjectId("5b86445f916d502b887b986c"), 
    "target_user" : null, 
    "status" : NumberInt(1), 
    "created_date" : "8/31/2018, 10:59:59 AM", 
    "updated_date" : "8/31/2018, 10:59:59 AM", 
    "__v" : NumberInt(0)
}
{ 
    "_id" : ObjectId("5b89119fe988434809653841"), 
    "id" : NumberInt(52), 
    "user" : ObjectId("5b8525b179a61b534c7c9db2"), 
    "description" : "Your reported review is deactivated", 
    "property" : ObjectId("5b86445f916d502b887b986c"), 
    "target_user" : null, 
    "status" : NumberInt(1), 
    "created_date" : "8/31/2018, 10:59:59 AM", 
    "updated_date" : "8/31/2018, 10:59:59 AM", 
    "__v" : NumberInt(0)
}
{ 
    "_id" : ObjectId("5b89162e5e39c04aec396215"), 
    "id" : NumberInt(53), 
    "user" : ObjectId("5b8525b179a61b534c7c9db2"), 
    "description" : "Your request for spam review is rejected", 
    "property" : ObjectId("5b890b32b26fb74246d3e9e6"), 
    "target_user" : null, 
    "status" : NumberInt(1), 
    "created_date" : "8/31/2018, 11:19:26 AM", 
    "updated_date" : "8/31/2018, 11:19:26 AM", 
    "__v" : NumberInt(0)
}
{ 
    "_id" : ObjectId("5b89169c5e39c04aec396217"), 
    "id" : NumberInt(54), 
    "user" : ObjectId("5b8525b179a61b534c7c9db2"), 
    "description" : "Added New Location ", 
    "property" : ObjectId("5b89167c5e39c04aec396216"), 
    "target_user" : null, 
    "status" : NumberInt(1), 
    "created_date" : "8/31/2018, 11:21:16 AM", 
    "updated_date" : "8/31/2018, 11:21:16 AM", 
    "__v" : NumberInt(0)
}
{ 
    "_id" : ObjectId("5b92331e5d2612379b26dbcd"), 
    "feeling" : "", 
    "id" : NumberInt(55), 
    "activity_type" : NumberInt(1), 
    "user" : ObjectId("5b854df55963425e518399aa"), 
    "description" : "Added New Review to the location ", 
    "property" : ObjectId("5b8531280c8e1e1209b57fac"), 
    "target_user" : null, 
    "status" : NumberInt(1), 
    "created_date" : "9/7/2018, 9:13:18 AM", 
    "updated_date" : "9/7/2018, 9:13:18 AM", 
    "__v" : NumberInt(0)
}
{ 
    "_id" : ObjectId("5b9234ed1ad9de3eab3474c0"), 
    "id" : NumberInt(56), 
    "user" : ObjectId("5b8525b179a61b534c7c9db2"), 
    "description" : "Added New Review to the location ", 
    "property" : ObjectId("5b84d50486e5b214b2b553f6"), 
    "target_user" : null, 
    "status" : NumberInt(1), 
    "created_date" : "9/7/2018, 9:21:01 AM", 
    "updated_date" : "9/7/2018, 9:21:01 AM", 
    "__v" : NumberInt(0)
}
