{ 
    "_id" : ObjectId("5b87e941c2465c49bcd68369"), 
    "report_type" : NumberInt(1), 
    "description" : "", 
    "status" : NumberInt(0), 
    "id" : NumberInt(12), 
    "user" : ObjectId("5ab886b1c18157708f8cdc27"), 
    "created_date" : "8/30/2018, 1:55:29 PM", 
    "updated_date" : "8/30/2018, 1:55:29 PM", 
    "spam_user" : NumberInt(7), 
    "__v" : NumberInt(0)
}
{ 
    "_id" : ObjectId("5b87f9d447729d08bf4a86bc"), 
    "report_type" : NumberInt(2), 
    "description" : "", 
    "status" : NumberInt(0), 
    "id" : NumberInt(16), 
    "user" : ObjectId("5ac1c8bb4d45a013d49fb19e"), 
    "created_date" : "8/30/2018, 2:36:47 PM", 
    "updated_date" : "8/30/2018, 2:36:47 PM", 
    "property" : NumberInt(1192), 
    "__v" : NumberInt(0)
}
{ 
    "_id" : ObjectId("5b87fd8895121e581b359155"), 
    "report_type" : NumberInt(1), 
    "description" : "", 
    "status" : NumberInt(0), 
    "id" : NumberInt(18), 
    "user" : ObjectId("5b854df55963425e518399aa"), 
    "created_date" : "8/30/2018, 3:22:00 PM", 
    "updated_date" : "8/30/2018, 3:22:00 PM", 
    "spam_user" : NumberInt(7), 
    "__v" : NumberInt(0)
}
{ 
    "_id" : ObjectId("5b87fd9195121e581b359157"), 
    "report_type" : NumberInt(1), 
    "description" : "", 
    "status" : NumberInt(0), 
    "id" : NumberInt(20), 
    "user" : ObjectId("5b854df55963425e518399aa"), 
    "created_date" : "8/30/2018, 3:22:09 PM", 
    "updated_date" : "8/30/2018, 3:22:09 PM", 
    "spam_user" : NumberInt(9), 
    "__v" : NumberInt(0)
}
{ 
    "_id" : ObjectId("5b88f5d2c453e636dc67d431"), 
    "report_type" : NumberInt(1), 
    "description" : "", 
    "status" : NumberInt(1), 
    "id" : NumberInt(25), 
    "user" : ObjectId("5b84d3b386e5b214b2b553f5"), 
    "created_date" : "8/31/2018, 9:01:22 AM", 
    "updated_date" : "8/31/2018, 9:01:22 AM", 
    "spam_user" : NumberInt(50), 
    "__v" : NumberInt(0)
}
{ 
    "_id" : ObjectId("5b88fa184cde83395df6a833"), 
    "report_type" : NumberInt(2), 
    "description" : "", 
    "status" : NumberInt(1), 
    "id" : NumberInt(26), 
    "user" : ObjectId("5b84d3b386e5b214b2b553f5"), 
    "property" : NumberInt(2505), 
    "spam_user" : NumberInt(0), 
    "created_date" : "8/31/2018, 9:19:36 AM", 
    "updated_date" : "8/31/2018, 9:19:36 AM", 
    "__v" : NumberInt(0)
}
{ 
    "_id" : ObjectId("5b890252a815463c312c6b84"), 
    "report_type" : NumberInt(2), 
    "description" : "", 
    "status" : NumberInt(1), 
    "id" : NumberInt(27), 
    "user" : ObjectId("5b86266d5402fb19afa8a016"), 
    "property" : NumberInt(2503), 
    "spam_user" : NumberInt(0), 
    "created_date" : "8/31/2018, 9:54:42 AM", 
    "updated_date" : "8/31/2018, 9:54:42 AM", 
    "__v" : NumberInt(0)
}
{ 
    "_id" : ObjectId("5b890aa9b26fb74246d3e9e3"), 
    "report_type" : NumberInt(2), 
    "description" : "", 
    "status" : NumberInt(0), 
    "id" : NumberInt(28), 
    "user" : ObjectId("5b8525b179a61b534c7c9db2"), 
    "property" : NumberInt(2503), 
    "spam_user" : NumberInt(0), 
    "created_date" : "8/31/2018, 10:30:17 AM", 
    "updated_date" : "8/31/2018, 10:30:17 AM", 
    "__v" : NumberInt(0)
}
{ 
    "_id" : ObjectId("5b890abeb26fb74246d3e9e4"), 
    "report_type" : NumberInt(3), 
    "description" : "", 
    "status" : NumberInt(1), 
    "id" : NumberInt(29), 
    "user" : ObjectId("5b8525b179a61b534c7c9db2"), 
    "review" : NumberInt(23), 
    "property" : NumberInt(2503), 
    "created_date" : "2018-08-31 15:00:38", 
    "updated_date" : "2018-08-31 15:00:38", 
    "__v" : NumberInt(0)
}
{ 
    "_id" : ObjectId("5b890aedb26fb74246d3e9e5"), 
    "report_type" : NumberInt(3), 
    "description" : "", 
    "status" : NumberInt(1), 
    "id" : NumberInt(30), 
    "user" : ObjectId("5b86266d5402fb19afa8a016"), 
    "review" : NumberInt(23), 
    "property" : NumberInt(2503), 
    "created_date" : "2018-08-31 15:01:25", 
    "updated_date" : "2018-08-31 15:01:25", 
    "__v" : NumberInt(0)
}
