{ 
    "_id" : ObjectId("5ac23d9f47809d2af1f601d1"), 
    "is_guest" : NumberInt(1), 
    "review_content" : "gfgdg", 
    "review_rating" : NumberInt(3), 
    "review_media" : "", 
    "is_reply" : NumberInt(0), 
    "status" : NumberInt(0), 
    "property_id" : NumberInt(20), 
    "user_id" : NumberInt(3), 
    "ip_address" : "203.187.239.74", 
    "user_location" : "India", 
    "created_date" : "4/2/2018, 3:26:39 PM", 
    "updated_date" : "4/2/2018, 3:26:39 PM", 
    "timestamp" : 422966.44416666665, 
    "id" : NumberInt(1), 
    "__v" : NumberInt(0)
}
{ 
    "_id" : ObjectId("5ac30a4e591f1e0e538a7a75"), 
    "is_guest" : NumberInt(1), 
    "review_content" : "5 start 20", 
    "review_rating" : NumberInt(5), 
    "review_media" : "", 
    "is_reply" : NumberInt(0), 
    "status" : NumberInt(0), 
    "property_id" : NumberInt(20), 
    "user_id" : NumberInt(3), 
    "ip_address" : "203.187.236.237", 
    "user_location" : "India", 
    "created_date" : "4/3/2018, 5:59:58 AM", 
    "updated_date" : "4/3/2018, 5:59:58 AM", 
    "timestamp" : 422980.99944444443, 
    "id" : NumberInt(2), 
    "__v" : NumberInt(0)
}
{ 
    "_id" : ObjectId("5acca169874f14573ea0a89b"), 
    "is_guest" : NumberInt(0), 
    "review_content" : "Testing", 
    "review_rating" : NumberInt(4), 
    "review_media" : "", 
    "is_reply" : NumberInt(1), 
    "status" : NumberInt(0), 
    "property_id" : NumberInt(20), 
    "user_id" : NumberInt(35), 
    "ip_address" : "103.214.200.10", 
    "user_location" : "Bangladesh", 
    "created_date" : "4/10/2018, 12:35:05 PM", 
    "updated_date" : "4/10/2018, 12:35:05 PM", 
    "timestamp" : 423155.58472222224, 
    "id" : NumberInt(20), 
    "__v" : NumberInt(0), 
    "reply_text" : "If you have any questions or comments, or if you want to update, delete, or change any Personal Information you've submitted on the Website,", 
    "reply_created_date" : "4/17/2018, 11:19:07 AM"
}
{ 
    "_id" : ObjectId("5b862fda3cd52d205936f963"), 
    "flagged_users" : [

    ], 
    "is_guest" : NumberInt(1), 
    "review_content" : "this is the review of listing 1 and this is test review for this location", 
    "review_rating" : NumberInt(4), 
    "review_media" : "review_images_134_1535520730725.png", 
    "is_reply" : NumberInt(0), 
    "status" : NumberInt(0), 
    "property_id" : NumberInt(2510), 
    "user_id" : NumberInt(50), 
    "user" : ObjectId("5b86266d5402fb19afa8a016"), 
    "property" : ObjectId("5b8626f05402fb19afa8a017"), 
    "ip_address" : "127.0.0.1", 
    "user_location" : "India", 
    "created_date" : "8/29/2018, 6:32:10 AM", 
    "updated_date" : "8/29/2018, 6:32:10 AM", 
    "timestamp" : 426533.5361111111, 
    "id" : NumberInt(22), 
    "__v" : NumberInt(0)
}
{ 
    "_id" : ObjectId("5b87975aeb23b6299c4d4a4f"), 
    "flagged_users" : [

    ], 
    "is_guest" : NumberInt(1), 
    "review_content" : "This is the description for test review of property Listing 2", 
    "review_rating" : NumberInt(5), 
    "review_media" : "review_images_435_1535612762439.png", 
    "is_reply" : NumberInt(0), 
    "status" : NumberInt(0), 
    "property_id" : NumberInt(2512), 
    "user_id" : NumberInt(46), 
    "user" : ObjectId("5b84d3b386e5b214b2b553f5"), 
    "property" : ObjectId("5b87833a1540931f3e3b7cf6"), 
    "ip_address" : "127.0.0.1", 
    "user_location" : "India", 
    "created_date" : "8/30/2018, 8:06:02 AM", 
    "updated_date" : "8/30/2018, 8:06:02 AM", 
    "timestamp" : 426559.10055555555, 
    "id" : NumberInt(24), 
    "__v" : NumberInt(0)
}
{ 
    "_id" : ObjectId("5b87a49583660d3508288a29"), 
    "flagged_users" : [

    ], 
    "is_guest" : NumberInt(1), 
    "review_content" : "This is the test description for property and review for location....", 
    "review_rating" : NumberInt(1), 
    "review_media" : "", 
    "is_reply" : NumberInt(0), 
    "status" : NumberInt(0), 
    "property_id" : NumberInt(2511), 
    "user_id" : NumberInt(50), 
    "user" : ObjectId("5b86266d5402fb19afa8a016"), 
    "property" : ObjectId("5b8628f2d6f4581b2064928b"), 
    "ip_address" : "127.0.0.1", 
    "user_location" : "India", 
    "created_date" : "8/30/2018, 9:02:29 AM", 
    "updated_date" : "8/30/2018, 9:02:29 AM", 
    "timestamp" : 426560.0413888889, 
    "id" : NumberInt(25), 
    "__v" : NumberInt(0)
}
{ 
    "_id" : ObjectId("5b92331e5d2612379b26dbcc"), 
    "is_type" : NumberInt(0), 
    "checkin_mood" : "", 
    "flagged_users" : [

    ], 
    "is_guest" : NumberInt(1), 
    "review_content" : "Lorem Ipsum is simply dummy text of the printing and typesetting industry. Lorem Ipsum has been the industry's standard dummy text ever since the 1500s, when an unknown printer took a galley of type and scrambled it to make a type specimen book. It has survived not only five centuries, but also the leap into electronic typesetting, remaining essentially unchanged. It was popularised in the 1960s with the release of Letraset sheets containing Lorem Ipsum passages, and more recently with desktop publishing software like Aldus PageMaker including versions of Lorem Ipsum", 
    "review_rating" : NumberInt(4), 
    "review_media" : "", 
    "is_reply" : NumberInt(0), 
    "status" : NumberInt(0), 
    "property_id" : NumberInt(2506), 
    "user_id" : NumberInt(49), 
    "user" : ObjectId("5b854df55963425e518399aa"), 
    "property" : ObjectId("5b8531280c8e1e1209b57fac"), 
    "ip_address" : "127.0.0.1", 
    "user_location" : "India", 
    "created_date" : "9/7/2018, 9:13:18 AM", 
    "updated_date" : "9/7/2018, 9:13:18 AM", 
    "timestamp" : 426752.2216666667, 
    "id" : NumberInt(28), 
    "__v" : NumberInt(0)
}
{ 
    "_id" : ObjectId("5b9234ed1ad9de3eab3474bf"), 
    "is_type" : NumberInt(0), 
    "checkin_mood" : "", 
    "flagged_users" : [

    ], 
    "is_guest" : NumberInt(1), 
    "review_content" : "vgbklgnkbnkjnjkvnjfgvgbkyhmbkmmmdfrlfl;r,,,,vffffffffffffffffffffffffffffff", 
    "review_rating" : NumberInt(4), 
    "review_media" : "", 
    "is_reply" : NumberInt(0), 
    "status" : NumberInt(0), 
    "property_id" : NumberInt(2503), 
    "user_id" : NumberInt(48), 
    "user" : ObjectId("5b8525b179a61b534c7c9db2"), 
    "property" : ObjectId("5b84d50486e5b214b2b553f6"), 
    "ip_address" : "127.0.0.1", 
    "user_location" : "India", 
    "created_date" : "9/7/2018, 9:21:01 AM", 
    "updated_date" : "9/7/2018, 9:21:01 AM", 
    "timestamp" : 426752.35027777776, 
    "id" : NumberInt(29), 
    "__v" : NumberInt(0)
}
