{ 
    "_id" : ObjectId("5b8780b54d45a013da74fa06"), 
    "id" : NumberInt(1), 
    "start" : NumberInt(-1), 
    "ends" : NumberInt(100), 
    "stancename" : "Starter", 
    "created_date" : "2018-08-30 12:00:00"
}
{ 
    "_id" : ObjectId("5b8780cf4d45a013da74fa07"), 
    "id" : NumberInt(2), 
    "start" : NumberInt(101), 
    "ends" : NumberInt(1000), 
    "stancename" : "Intermediate", 
    "created_date" : "2018-08-30 12:00:00"
}
{ 
    "_id" : ObjectId("5b8780e84d45a013da74fa08"), 
    "id" : NumberInt(2), 
    "start" : NumberInt(1001), 
    "ends" : NumberInt(10000), 
    "stancename" : "Advanced", 
    "created_date" : "2018-08-30 12:00:00"
}
{ 
    "_id" : ObjectId("5b8781314d45a013da74fa0c"), 
    "id" : NumberInt(4), 
    "start" : NumberInt(10001), 
    "ends" : NumberInt(1000000), 
    "stancename" : "Super", 
    "created_date" : "2018-08-30 12:00:00"
}
