{ 
    "_id" : ObjectId("5b851a68d5738c4b66bcf275"), 
    "id" : NumberInt(1), 
    "user" : ObjectId("5b84d3b386e5b214b2b553f5"), 
    "from" : ObjectId("5aaa709f8b4aac13863123e1"), 
    "token_amount" : NumberInt(1), 
    "operation" : "plus", 
    "description" : "You earned 1 Token for Add Location", 
    "type" : NumberInt(1), 
    "status" : NumberInt(1), 
    "created_date" : ISODate("2018-09-05T05:37:46.139+0000"), 
    "__v" : NumberInt(0)
}
{ 
    "_id" : ObjectId("5b851aedd5738c4b66bcf277"), 
    "id" : NumberInt(2), 
    "user" : ObjectId("5b84d3b386e5b214b2b553f5"), 
    "from" : ObjectId("5aaa709f8b4aac13863123e1"), 
    "token_amount" : NumberInt(1), 
    "operation" : "plus", 
    "description" : "You earned 1 Token for Add Review", 
    "type" : NumberInt(1), 
    "status" : NumberInt(1), 
    "created_date" : ISODate("2018-09-05T05:37:46.139+0000"), 
    "__v" : NumberInt(0)
}
{ 
    "_id" : ObjectId("5b85227879a61b534c7c9db1"), 
    "id" : NumberInt(3), 
    "user" : ObjectId("5b84d3b386e5b214b2b553f5"), 
    "from" : ObjectId("5aaa709f8b4aac13863123e1"), 
    "token_amount" : NumberInt(1), 
    "operation" : "plus", 
    "description" : "You earned 1 Token for Add Review", 
    "type" : NumberInt(1), 
    "status" : NumberInt(1), 
    "created_date" : ISODate("2018-09-05T05:37:46.139+0000"), 
    "__v" : NumberInt(0)
}
{ 
    "_id" : ObjectId("5b85261979a61b534c7c9db4"), 
    "id" : NumberInt(4), 
    "user" : ObjectId("5b8525b179a61b534c7c9db2"), 
    "from" : ObjectId("5aaa709f8b4aac13863123e1"), 
    "token_amount" : NumberInt(1), 
    "operation" : "plus", 
    "description" : "You earned 1 Token for Add Location", 
    "type" : NumberInt(1), 
    "status" : NumberInt(1), 
    "created_date" : ISODate("2018-09-05T05:37:46.139+0000"), 
    "__v" : NumberInt(0)
}
{ 
    "_id" : ObjectId("5b862a734271821d24fd960e"), 
    "id" : NumberInt(5), 
    "user" : ObjectId("5b86266d5402fb19afa8a016"), 
    "from" : ObjectId("5aaa709f8b4aac13863123e1"), 
    "token_amount" : NumberInt(1), 
    "operation" : "plus", 
    "description" : "You earned 1 Token for Add Location", 
    "type" : NumberInt(1), 
    "status" : NumberInt(1), 
    "created_date" : ISODate("2018-09-05T05:37:46.139+0000"), 
    "__v" : NumberInt(0)
}
{ 
    "_id" : ObjectId("5b862aa24271821d24fd960f"), 
    "id" : NumberInt(6), 
    "user" : ObjectId("5b86266d5402fb19afa8a016"), 
    "from" : ObjectId("5aaa709f8b4aac13863123e1"), 
    "token_amount" : NumberInt(1), 
    "operation" : "plus", 
    "description" : "You earned 1 Token for Add Location", 
    "type" : NumberInt(1), 
    "status" : NumberInt(1), 
    "created_date" : ISODate("2018-09-05T05:37:46.139+0000"), 
    "__v" : NumberInt(0)
}
{ 
    "_id" : ObjectId("5b862fda3cd52d205936f964"), 
    "id" : NumberInt(7), 
    "user" : ObjectId("5b86266d5402fb19afa8a016"), 
    "from" : ObjectId("5aaa709f8b4aac13863123e1"), 
    "token_amount" : NumberInt(1), 
    "operation" : "plus", 
    "description" : "You earned 1 Token for Add Review", 
    "type" : NumberInt(1), 
    "status" : NumberInt(1), 
    "created_date" : ISODate("2018-09-05T05:37:46.139+0000"), 
    "__v" : NumberInt(0)
}
{ 
    "_id" : ObjectId("5b86445f916d502b887b986d"), 
    "id" : NumberInt(8), 
    "user" : ObjectId("5b84d3b386e5b214b2b553f5"), 
    "from" : ObjectId("5aaa709f8b4aac13863123e1"), 
    "token_amount" : NumberInt(1), 
    "operation" : "plus", 
    "description" : "You earned 1 Token for Add Review", 
    "type" : NumberInt(1), 
    "status" : NumberInt(1), 
    "created_date" : ISODate("2018-09-05T05:37:46.139+0000"), 
    "__v" : NumberInt(0)
}
{ 
    "_id" : ObjectId("5b8699ced276784c5c393ed0"), 
    "id" : NumberInt(9), 
    "user" : ObjectId("5b854df55963425e518399aa"), 
    "from" : ObjectId("5aaa709f8b4aac13863123e1"), 
    "token_amount" : NumberInt(1), 
    "operation" : "plus", 
    "description" : "You earned 1 Token for Add Category", 
    "type" : NumberInt(1), 
    "status" : NumberInt(1), 
    "created_date" : ISODate("2018-09-05T05:37:46.139+0000"), 
    "__v" : NumberInt(0)
}
{ 
    "_id" : ObjectId("5b878d56ffd38722d1085256"), 
    "id" : NumberInt(10), 
    "user" : ObjectId("5b84d3b386e5b214b2b553f5"), 
    "from" : ObjectId("5aaa709f8b4aac13863123e1"), 
    "token_amount" : NumberInt(1), 
    "operation" : "plus", 
    "description" : "You earned 1 Token for Add Location", 
    "type" : NumberInt(1), 
    "status" : NumberInt(1), 
    "created_date" : ISODate("2018-09-05T05:37:46.139+0000"), 
    "__v" : NumberInt(0)
}
{ 
    "_id" : ObjectId("5b878eb8108f482371389abe"), 
    "id" : NumberInt(11), 
    "user" : ObjectId("5b84d3b386e5b214b2b553f5"), 
    "from" : ObjectId("5aaa709f8b4aac13863123e1"), 
    "token_amount" : NumberInt(1), 
    "operation" : "plus", 
    "description" : "You earned 1 Token for Add Location", 
    "type" : NumberInt(1), 
    "status" : NumberInt(1), 
    "created_date" : ISODate("2018-09-05T05:37:46.139+0000"), 
    "__v" : NumberInt(0)
}
{ 
    "_id" : ObjectId("5b878f7a0e1239241acd1ff7"), 
    "id" : NumberInt(12), 
    "user" : ObjectId("5b84d3b386e5b214b2b553f5"), 
    "from" : ObjectId("5aaa709f8b4aac13863123e1"), 
    "token_amount" : NumberInt(1), 
    "operation" : "plus", 
    "description" : "You earned 1 Token for Add Location", 
    "type" : NumberInt(1), 
    "status" : NumberInt(1), 
    "created_date" : ISODate("2018-09-05T05:37:46.139+0000"), 
    "__v" : NumberInt(0)
}
{ 
    "_id" : ObjectId("5b879069b54393248d62cbef"), 
    "id" : NumberInt(13), 
    "user" : ObjectId("5b84d3b386e5b214b2b553f5"), 
    "from" : ObjectId("5aaa709f8b4aac13863123e1"), 
    "token_amount" : NumberInt(1), 
    "operation" : "plus", 
    "description" : "You earned 1 Token for Add Location", 
    "type" : NumberInt(1), 
    "status" : NumberInt(1), 
    "created_date" : ISODate("2018-09-05T05:37:46.139+0000"), 
    "__v" : NumberInt(0)
}
{ 
    "_id" : ObjectId("5b8792d9ff8cac26bad3afcf"), 
    "id" : NumberInt(14), 
    "user" : ObjectId("5b84d3b386e5b214b2b553f5"), 
    "from" : ObjectId("5aaa709f8b4aac13863123e1"), 
    "token_amount" : NumberInt(1), 
    "operation" : "plus", 
    "description" : "You earned 1 Token for Add Location", 
    "type" : NumberInt(1), 
    "status" : NumberInt(1), 
    "created_date" : ISODate("2018-09-05T05:37:46.139+0000"), 
    "__v" : NumberInt(0)
}
{ 
    "_id" : ObjectId("5b87932924ada82720168e14"), 
    "id" : NumberInt(15), 
    "user" : ObjectId("5b84d3b386e5b214b2b553f5"), 
    "from" : ObjectId("5aaa709f8b4aac13863123e1"), 
    "token_amount" : NumberInt(1), 
    "operation" : "plus", 
    "description" : "You earned 1 Token for Add Location", 
    "type" : NumberInt(1), 
    "status" : NumberInt(1), 
    "created_date" : ISODate("2018-09-05T05:37:46.139+0000"), 
    "__v" : NumberInt(0)
}
{ 
    "_id" : ObjectId("5b8795ab973782286f9fd354"), 
    "id" : NumberInt(16), 
    "user" : ObjectId("5b84d3b386e5b214b2b553f5"), 
    "from" : ObjectId("5aaa709f8b4aac13863123e1"), 
    "token_amount" : NumberInt(1), 
    "operation" : "plus", 
    "description" : "You earned 1 Token for Add Review", 
    "type" : NumberInt(1), 
    "status" : NumberInt(1), 
    "created_date" : ISODate("2018-09-05T05:37:46.139+0000"), 
    "__v" : NumberInt(0)
}
{ 
    "_id" : ObjectId("5b87975aeb23b6299c4d4a51"), 
    "id" : NumberInt(17), 
    "user" : ObjectId("5b84d3b386e5b214b2b553f5"), 
    "from" : ObjectId("5aaa709f8b4aac13863123e1"), 
    "token_amount" : NumberInt(1), 
    "operation" : "plus", 
    "description" : "You earned 1 Token for Add Review", 
    "type" : NumberInt(1), 
    "status" : NumberInt(1), 
    "created_date" : ISODate("2018-09-05T05:37:46.139+0000"), 
    "__v" : NumberInt(0)
}
{ 
    "_id" : ObjectId("5b87a00a9127212339de7d38"), 
    "id" : NumberInt(18), 
    "user" : ObjectId("5aaa0befe6d89914057bd346"), 
    "from" : ObjectId("5aaa709f8b4aac13863123e1"), 
    "token_amount" : NumberInt(1), 
    "operation" : "plus", 
    "description" : "You earned 1 Token for Add Location", 
    "type" : NumberInt(1), 
    "status" : NumberInt(1), 
    "created_date" : ISODate("2018-09-05T05:37:46.139+0000"), 
    "__v" : NumberInt(0)
}
{ 
    "_id" : ObjectId("5b87a06ee9478c2430ed6051"), 
    "id" : NumberInt(19), 
    "user" : ObjectId("5aaa0befe6d89914057bd346"), 
    "from" : ObjectId("5aaa709f8b4aac13863123e1"), 
    "token_amount" : NumberInt(1), 
    "operation" : "plus", 
    "description" : "You earned 1 Token for Add Location", 
    "type" : NumberInt(1), 
    "status" : NumberInt(1), 
    "created_date" : ISODate("2018-09-05T05:37:46.139+0000"), 
    "__v" : NumberInt(0)
}
{ 
    "_id" : ObjectId("5b87a1471fe11224b082804b"), 
    "id" : NumberInt(20), 
    "user" : ObjectId("5aaa0befe6d89914057bd346"), 
    "from" : ObjectId("5aaa709f8b4aac13863123e1"), 
    "token_amount" : NumberInt(1), 
    "operation" : "plus", 
    "description" : "You earned 1 Token for Add Location", 
    "type" : NumberInt(1), 
    "status" : NumberInt(1), 
    "created_date" : ISODate("2018-09-05T05:37:46.139+0000"), 
    "__v" : NumberInt(0)
}
{ 
    "_id" : ObjectId("5b87a49583660d3508288a2b"), 
    "id" : NumberInt(21), 
    "user" : ObjectId("5b86266d5402fb19afa8a016"), 
    "from" : ObjectId("5aaa709f8b4aac13863123e1"), 
    "token_amount" : NumberInt(1), 
    "operation" : "plus", 
    "description" : "You earned 1 Token for Add Review", 
    "type" : NumberInt(1), 
    "status" : NumberInt(1), 
    "created_date" : ISODate("2018-09-05T05:37:46.139+0000"), 
    "__v" : NumberInt(0)
}
{ 
    "_id" : ObjectId("5b87a52c83660d3508288a2e"), 
    "id" : NumberInt(22), 
    "user" : ObjectId("5b86266d5402fb19afa8a016"), 
    "from" : ObjectId("5aaa709f8b4aac13863123e1"), 
    "token_amount" : NumberInt(1), 
    "operation" : "plus", 
    "description" : "You earned 1 Token for Add Location", 
    "type" : NumberInt(1), 
    "status" : NumberInt(1), 
    "created_date" : ISODate("2018-09-05T05:37:46.139+0000"), 
    "__v" : NumberInt(0)
}
{ 
    "_id" : ObjectId("5b87cae0a1f58550b08975d9"), 
    "id" : NumberInt(23), 
    "user" : ObjectId("5b84d3b386e5b214b2b553f5"), 
    "from" : ObjectId("5aaa709f8b4aac13863123e1"), 
    "token_amount" : NumberInt(1), 
    "operation" : "plus", 
    "description" : "You earned 1 Token for Add Location", 
    "type" : NumberInt(1), 
    "status" : NumberInt(1), 
    "created_date" : ISODate("2018-09-05T05:37:46.139+0000"), 
    "__v" : NumberInt(0)
}
{ 
    "_id" : ObjectId("5b87cb74a1f58550b08975de"), 
    "id" : NumberInt(24), 
    "user" : ObjectId("5b86266d5402fb19afa8a016"), 
    "from" : ObjectId("5aaa709f8b4aac13863123e1"), 
    "token_amount" : NumberInt(1), 
    "operation" : "plus", 
    "description" : "You earned 1 Token for Add Review", 
    "type" : NumberInt(1), 
    "status" : NumberInt(1), 
    "created_date" : ISODate("2018-09-05T05:37:46.139+0000"), 
    "__v" : NumberInt(0)
}
{ 
    "_id" : ObjectId("5b890b32b26fb74246d3e9e8"), 
    "id" : NumberInt(25), 
    "user" : ObjectId("5b86266d5402fb19afa8a016"), 
    "from" : ObjectId("5aaa709f8b4aac13863123e1"), 
    "token_amount" : NumberInt(1), 
    "operation" : "plus", 
    "description" : "You earned 1 Token for Add Review", 
    "type" : NumberInt(1), 
    "status" : NumberInt(1), 
    "created_date" : ISODate("2018-09-05T05:37:46.139+0000"), 
    "__v" : NumberInt(0)
}
{ 
    "_id" : ObjectId("5b89169c5e39c04aec396218"), 
    "id" : NumberInt(26), 
    "user" : ObjectId("5b8525b179a61b534c7c9db2"), 
    "from" : ObjectId("5aaa709f8b4aac13863123e1"), 
    "token_amount" : NumberInt(1), 
    "operation" : "plus", 
    "description" : "You earned 1 Token for Add Location", 
    "type" : NumberInt(1), 
    "status" : NumberInt(1), 
    "created_date" : ISODate("2018-09-05T05:37:46.139+0000"), 
    "__v" : NumberInt(0)
}
{ 
    "_id" : ObjectId("5b8e75e52764691fc08b7691"), 
    "id" : NumberInt(1), 
    "token_amount" : NumberInt(100), 
    "type" : NumberInt(1), 
    "user" : ObjectId("5aaa086ee6d89914057bd340"), 
    "operation" : "plus", 
    "description" : "Transfered by admin", 
    "status" : NumberInt(1), 
    "created_date" : ISODate("2018-09-05T05:37:46.139+0000"), 
    "from" : ObjectId("5aaa709f8b4aac13863123e1"), 
    "__v" : NumberInt(0)
}
{ 
    "_id" : ObjectId("5b8f6baa39bd331341bcb2c0"), 
    "created_date" : ISODate("2018-09-05T05:37:46.139+0000"), 
    "id" : NumberInt(27), 
    "user" : ObjectId("5b854df55963425e518399aa"), 
    "from" : ObjectId("5aaa709f8b4aac13863123e1"), 
    "token_amount" : NumberInt(1), 
    "operation" : "plus", 
    "description" : "You earned 1 Token for Add Location", 
    "type" : NumberInt(1), 
    "status" : NumberInt(1), 
    "__v" : NumberInt(0)
}
{ 
    "_id" : ObjectId("5b90c836c791862b2e8b8b30"), 
    "created_date" : ISODate("2018-09-06T06:24:54.164+0000"), 
    "id" : NumberInt(28), 
    "user" : ObjectId("5b854df55963425e518399aa"), 
    "from" : ObjectId("5aaa709f8b4aac13863123e1"), 
    "token_amount" : NumberInt(1), 
    "operation" : "plus", 
    "description" : "You earned 1 Token for Add Review", 
    "type" : NumberInt(1), 
    "status" : NumberInt(1), 
    "__v" : NumberInt(0)
}
{ 
    "_id" : ObjectId("5b9106dd2dc64d4b5c9c4c43"), 
    "created_date" : ISODate("2018-09-06T10:52:13.041+0000"), 
    "id" : NumberInt(29), 
    "user" : ObjectId("5b84d3b386e5b214b2b553f5"), 
    "from" : ObjectId("5aaa709f8b4aac13863123e1"), 
    "token_amount" : NumberInt(1), 
    "operation" : "plus", 
    "description" : "You earned 1 Token for Add Review", 
    "type" : NumberInt(1), 
    "status" : NumberInt(1), 
    "__v" : NumberInt(0)
}
{ 
    "_id" : ObjectId("5b91082b2dc64d4b5c9c4c46"), 
    "created_date" : ISODate("2018-09-06T10:57:47.045+0000"), 
    "id" : NumberInt(30), 
    "user" : ObjectId("5b84d3b386e5b214b2b553f5"), 
    "from" : ObjectId("5aaa709f8b4aac13863123e1"), 
    "token_amount" : NumberInt(1), 
    "operation" : "plus", 
    "description" : "You earned 1 Token for Add Review", 
    "type" : NumberInt(1), 
    "status" : NumberInt(1), 
    "__v" : NumberInt(0)
}
{ 
    "_id" : ObjectId("5b91173dc9517655b1500a63"), 
    "created_date" : ISODate("2018-09-06T12:02:05.062+0000"), 
    "id" : NumberInt(31), 
    "user" : ObjectId("5b84d3b386e5b214b2b553f5"), 
    "from" : ObjectId("5aaa709f8b4aac13863123e1"), 
    "token_amount" : NumberInt(1), 
    "operation" : "plus", 
    "description" : "You earned 1 Token for Add Review", 
    "type" : NumberInt(1), 
    "status" : NumberInt(1), 
    "__v" : NumberInt(0)
}
{ 
    "_id" : ObjectId("5b911f0ad05390093f748483"), 
    "created_date" : ISODate("2018-09-06T12:35:22.219+0000"), 
    "id" : NumberInt(32), 
    "user" : ObjectId("5b910a45d055803d47cc2951"), 
    "from" : ObjectId("5aaa709f8b4aac13863123e1"), 
    "token_amount" : NumberInt(1), 
    "operation" : "plus", 
    "description" : "You earned 1 Token for Add Location", 
    "type" : NumberInt(1), 
    "status" : NumberInt(1), 
    "__v" : NumberInt(0)
}
{ 
    "_id" : ObjectId("5b920b32fb4e6e1eab8c13bf"), 
    "created_date" : ISODate("2018-09-07T05:22:58.587+0000"), 
    "id" : NumberInt(33), 
    "user" : ObjectId("5b84d3b386e5b214b2b553f5"), 
    "from" : ObjectId("5aaa709f8b4aac13863123e1"), 
    "token_amount" : NumberInt(1), 
    "operation" : "plus", 
    "description" : "You earned 1 Token for Add Location", 
    "type" : NumberInt(1), 
    "status" : NumberInt(1), 
    "__v" : NumberInt(0)
}
{ 
    "_id" : ObjectId("5b920c0c07655d1fcd997565"), 
    "created_date" : ISODate("2018-09-07T05:26:36.851+0000"), 
    "id" : NumberInt(34), 
    "user" : ObjectId("5b84d3b386e5b214b2b553f5"), 
    "from" : ObjectId("5aaa709f8b4aac13863123e1"), 
    "token_amount" : NumberInt(1), 
    "operation" : "plus", 
    "description" : "You earned 1 Token for Add Review", 
    "type" : NumberInt(1), 
    "status" : NumberInt(1), 
    "__v" : NumberInt(0)
}
{ 
    "_id" : ObjectId("5b920e542ccd9520d9c19357"), 
    "created_date" : ISODate("2018-09-07T05:36:20.762+0000"), 
    "id" : NumberInt(35), 
    "user" : ObjectId("5b84d3b386e5b214b2b553f5"), 
    "from" : ObjectId("5aaa709f8b4aac13863123e1"), 
    "token_amount" : NumberInt(1), 
    "operation" : "plus", 
    "description" : "You earned 1 Token for Add Review", 
    "type" : NumberInt(1), 
    "status" : NumberInt(1), 
    "__v" : NumberInt(0)
}
{ 
    "_id" : ObjectId("5b920ef22ccd9520d9c1935a"), 
    "created_date" : ISODate("2018-09-07T05:38:58.019+0000"), 
    "id" : NumberInt(36), 
    "user" : ObjectId("5b86266d5402fb19afa8a016"), 
    "from" : ObjectId("5aaa709f8b4aac13863123e1"), 
    "token_amount" : NumberInt(1), 
    "operation" : "plus", 
    "description" : "You earned 1 Token for Add Location", 
    "type" : NumberInt(1), 
    "status" : NumberInt(1), 
    "__v" : NumberInt(0)
}
{ 
    "_id" : ObjectId("5b920f2f2ccd9520d9c1935d"), 
    "created_date" : ISODate("2018-09-07T05:39:59.442+0000"), 
    "id" : NumberInt(37), 
    "user" : ObjectId("5b86266d5402fb19afa8a016"), 
    "from" : ObjectId("5aaa709f8b4aac13863123e1"), 
    "token_amount" : NumberInt(1), 
    "operation" : "plus", 
    "description" : "You earned 1 Token for Add Review", 
    "type" : NumberInt(1), 
    "status" : NumberInt(1), 
    "__v" : NumberInt(0)
}
{ 
    "_id" : ObjectId("5b920fa12ccd9520d9c19360"), 
    "created_date" : ISODate("2018-09-07T05:41:53.265+0000"), 
    "id" : NumberInt(38), 
    "user" : ObjectId("5b84d3b386e5b214b2b553f5"), 
    "from" : ObjectId("5aaa709f8b4aac13863123e1"), 
    "token_amount" : NumberInt(1), 
    "operation" : "plus", 
    "description" : "You earned 1 Token for Add Review", 
    "type" : NumberInt(1), 
    "status" : NumberInt(1), 
    "__v" : NumberInt(0)
}
{ 
    "_id" : ObjectId("5b92198f327de3281851637c"), 
    "created_date" : ISODate("2018-09-07T06:24:15.035+0000"), 
    "id" : NumberInt(39), 
    "user" : ObjectId("5b84d3b386e5b214b2b553f5"), 
    "from" : ObjectId("5aaa709f8b4aac13863123e1"), 
    "token_amount" : NumberInt(1), 
    "operation" : "plus", 
    "description" : "You earned 1 Token for Add Location", 
    "type" : NumberInt(1), 
    "status" : NumberInt(1), 
    "__v" : NumberInt(0)
}
{ 
    "_id" : ObjectId("5b921d8b24c7aa1a9553cda2"), 
    "created_date" : ISODate("2018-09-07T06:41:15.410+0000"), 
    "id" : NumberInt(40), 
    "user" : ObjectId("5b854df55963425e518399aa"), 
    "from" : ObjectId("5aaa709f8b4aac13863123e1"), 
    "token_amount" : NumberInt(1), 
    "operation" : "plus", 
    "description" : "You earned 1 Token for Add Category", 
    "type" : NumberInt(1), 
    "status" : NumberInt(1), 
    "__v" : NumberInt(0)
}
{ 
    "_id" : ObjectId("5b92216bc1ba9c2bad0418b9"), 
    "created_date" : ISODate("2018-09-07T06:57:47.292+0000"), 
    "id" : NumberInt(41), 
    "user" : ObjectId("5b86a1d24dccb952a785156d"), 
    "from" : ObjectId("5aaa709f8b4aac13863123e1"), 
    "token_amount" : NumberInt(1), 
    "operation" : "plus", 
    "description" : "You earned 1 Token for Add Location", 
    "type" : NumberInt(1), 
    "status" : NumberInt(1), 
    "__v" : NumberInt(0)
}
{ 
    "_id" : ObjectId("5b922a55e5dbd03812e6ba4a"), 
    "created_date" : ISODate("2018-09-07T07:35:49.349+0000"), 
    "id" : NumberInt(42), 
    "user" : ObjectId("5b84d3b386e5b214b2b553f5"), 
    "from" : ObjectId("5aaa709f8b4aac13863123e1"), 
    "token_amount" : NumberInt(1), 
    "operation" : "plus", 
    "description" : "You earned 1 Token for Add Review", 
    "type" : NumberInt(1), 
    "status" : NumberInt(1), 
    "__v" : NumberInt(0)
}
{ 
    "_id" : ObjectId("5b922ab91886692d9b5ac34d"), 
    "created_date" : ISODate("2018-09-07T07:37:29.597+0000"), 
    "id" : NumberInt(43), 
    "user" : ObjectId("5b854df55963425e518399aa"), 
    "from" : ObjectId("5aaa709f8b4aac13863123e1"), 
    "token_amount" : NumberInt(1), 
    "operation" : "plus", 
    "description" : "You earned 1 Token for Add Review", 
    "type" : NumberInt(1), 
    "status" : NumberInt(1), 
    "__v" : NumberInt(0)
}
{ 
    "_id" : ObjectId("5b922d4eb981ea3a01b12ac6"), 
    "created_date" : ISODate("2018-09-07T07:48:30.104+0000"), 
    "id" : NumberInt(44), 
    "user" : ObjectId("5b8525b179a61b534c7c9db2"), 
    "from" : ObjectId("5aaa709f8b4aac13863123e1"), 
    "token_amount" : NumberInt(1), 
    "operation" : "plus", 
    "description" : "You earned 1 Token for Add Review", 
    "type" : NumberInt(1), 
    "status" : NumberInt(1), 
    "__v" : NumberInt(0)
}
{ 
    "_id" : ObjectId("5b9232925d2612379b26dbcb"), 
    "created_date" : ISODate("2018-09-07T08:10:58.727+0000"), 
    "id" : NumberInt(45), 
    "user" : ObjectId("5b854df55963425e518399aa"), 
    "from" : ObjectId("5aaa709f8b4aac13863123e1"), 
    "token_amount" : NumberInt(1), 
    "operation" : "plus", 
    "description" : "You earned 1 Token for Add Review", 
    "type" : NumberInt(1), 
    "status" : NumberInt(1), 
    "__v" : NumberInt(0)
}
{ 
    "_id" : ObjectId("5b92331e5d2612379b26dbce"), 
    "created_date" : ISODate("2018-09-07T08:13:18.479+0000"), 
    "id" : NumberInt(46), 
    "user" : ObjectId("5b854df55963425e518399aa"), 
    "from" : ObjectId("5aaa709f8b4aac13863123e1"), 
    "token_amount" : NumberInt(1), 
    "operation" : "plus", 
    "description" : "You earned 1 Token for Add Review", 
    "type" : NumberInt(1), 
    "status" : NumberInt(1), 
    "__v" : NumberInt(0)
}
{ 
    "_id" : ObjectId("5b9234ed1ad9de3eab3474c1"), 
    "created_date" : ISODate("2018-09-07T08:21:01.521+0000"), 
    "id" : NumberInt(47), 
    "user" : ObjectId("5b8525b179a61b534c7c9db2"), 
    "from" : ObjectId("5aaa709f8b4aac13863123e1"), 
    "token_amount" : NumberInt(1), 
    "operation" : "plus", 
    "description" : "You earned 1 Token for Add Review", 
    "type" : NumberInt(1), 
    "status" : NumberInt(1), 
    "__v" : NumberInt(0)
}
